ID,Country,Indicator,Sex,Wealth Quintile,2020(Mortality Rate),2019,2018,2017,2016,2015,2014,2013,2012,2011,2010,2009,2008,2007,2006,2005,2004,2003,2002,2001,2000,1999,1998,1997,1996,1995,1994,1993,1992,1991,1990,1989,1988,1987,1986,1985
2,Somalia,Under-five mortality rate,Total,Total,114.6182063,118.26259,121.9558006,126.1265849,130.3001471,134.3002153,138.3954097,142.9770868,147.8280877,152.8255582,157.3925519,161.9285955,166.4770073,170.067834,171.9877325,172.6289176,172.7090351,172.7090351,172.7090351,172.7090351,172.7090351,172.7090351,172.7090351,172.7090351,172.7090351,172.7090351,172.709553,172.9435854,173.9891675,176.5078619,180.0995988,183.3784257,185.9644324,187.6031758,189.5028604,191.1621472
3,Nigeria,Under-five mortality rate,Total,Total,113.7730781,116.9358701,119.9011502,122.5343456,124.6945294,126.4465181,127.8930033,129.4236581,131.1095501,133.1305956,135.5308065,138.3387179,141.7191258,145.5762241,150.0950208,155.0268945,160.3036127,165.9396398,171.5448912,177.2516352,182.8561839,188.2388192,193.2836093,197.8286764,201.4641867,204.2420331,206.2719541,207.6637048,208.6992008,209.5304227,210.0488685,210.3473128,210.1703471,209.6424657,208.7692574,207.8573191
4,Chad,Under-five mortality rate,Total,Total,110.0470366,113.5302385,117.3166705,121.0857369,124.9204725,128.6801429,132.2725003,135.9479208,139.7879804,143.7158592,147.7056884,151.7194098,155.7078477,159.6075201,163.3116479,166.923437,170.3973127,173.7800811,177.1213901,180.5486744,183.9762076,187.3815293,190.5895168,193.5768062,196.2645145,198.750141,201.1785525,203.7294368,206.3622929,209.1874291,212.078548,215.0765957,218.0784611,221.0737549,224.0090081,227.0013094
5,Sierra Leone,Under-five mortality rate,Total,Total,107.8309446,111.8906148,116.2309723,120.7259951,125.4407411,140.1900071,139.2119052,141.2175062,147.2520463,153.7680923,160.6290401,167.7489393,174.9448851,181.9867999,188.8933535,195.5413327,201.9536793,208.0919411,213.8951702,219.4337158,224.8542374,230.0422818,235.0162191,239.6435084,243.8178297,247.4556838,250.6210689,253.2754009,255.6053066,257.6583304,259.5617824,261.5433077,263.7832801,266.086312,268.6178717,271.3529262
6,Central African Republic,Under-five mortality rate,Total,Total,102.9966637,106.6223541,111.0522601,114.4926769,118.1509049,123.3202578,128.2425561,132.5007842,136.1774069,140.5137721,144.9948282,148.9118405,152.8477482,155.632815,158.2646117,160.7551355,162.5041575,164.1720243,165.8002504,167.37459,168.8980936,170.2296954,171.4804171,172.7805191,173.748704,174.5772404,175.3541793,176.1408117,176.7005273,176.9409247,176.6953717,176.1275367,175.7204734,176.0295711,176.7969071,177.8647048
7,South Sudan,Under-five mortality rate,Total,Total,97.85732762,97.85732762,97.85732762,97.85732762,97.85732762,97.85732762,97.88234278,98.34397188,100.048978,103.466586,108.4106965,113.9857906,119.9210986,126.1412345,132.6884469,139.7325309,147.272329,155.0816185,163.4254525,172.0666916,181.1533747,189.8483867,198.2428359,206.4313717,213.8538826,220.9042438,227.8171227,234.2009935,240.2431195,245.8114795,250.5001276,255.1113144,259.6030075,263.9406439,268.0397895,272.1917731
8,Guinea,Under-five mortality rate,Total,Total,95.55596447,97.99517916,100.4465545,102.6018208,104.6003382,107.2950353,109.2416224,110.7264296,112.9644789,115.3036062,117.7004563,120.3012138,123.2919081,126.5887525,130.4181846,134.6922346,139.4828272,144.9388692,150.9403613,157.4103265,164.1977318,171.1776046,178.1627534,185.1721239,192.0293802,199.0120181,206.0119872,212.868741,219.5275999,225.906895,231.8383125,237.3254335,242.3577827,247.0586743,251.7022346,256.3803931
9,Mali,Under-five mortality rate,Total,Total,90.99040594,94.17647167,97.42856263,100.8879128,104.4747246,108.3145872,112.3864105,116.6051703,120.9914618,125.5624959,130.2770516,135.1319795,140.2103267,145.366981,150.7927675,156.3687763,162.1851372,168.3468277,174.6747647,181.0744172,187.4232632,193.4155038,198.9817431,203.8447464,208.1016435,211.7940599,215.3044048,218.7537054,222.307078,226.2475632,230.7062055,235.6765951,241.2740183,247.4190015,254.0927204,261.2323083
10,Lesotho,Under-five mortality rate,Total,Total,89.52006601,90.9002677,90.58120301,90.96767026,91.45134962,94.61162015,94.24523985,92.55064971,92.69279071,93.87667499,96.42328824,104.1791665,113.0327741,114.2820581,116.4653691,116.0937525,114.5036703,112.7282843,110.727332,108.8343832,106.922296,104.7467185,102.632245,100.0489931,96.91168868,93.14946899,89.26117062,86.08026834,84.04807314,83.45880885,84.03482147,85.51157823,87.69144361,90.48138449,93.77186769,97.57183819
11,Benin,Under-five mortality rate,Total,Total,85.9385453,88.41729834,90.88103638,93.17226085,95.37881376,97.62838711,99.82185885,102.0866231,104.3683944,106.6696314,108.9980284,111.3072257,113.670805,116.1885741,118.7565369,121.4877457,124.3954071,127.3880203,130.4757312,133.6523072,136.8441277,140.0974666,143.3525309,146.6471351,149.9973077,153.431786,157.0563617,160.8717292,164.8235413,168.8620955,172.8952094,176.9372206,180.9974401,185.0031063,188.8859348,192.829088
12,Burkina Faso,Under-five mortality rate,Total,Total,84.99145607,87.8207454,90.83271457,94.06065129,97.45227185,100.8946293,104.5260682,108.3400219,112.4667534,116.8658009,121.5241145,126.887062,132.8891775,139.4930568,146.3379855,153.1005148,159.4940792,165.2958754,170.4449715,174.8964786,178.9219395,182.6051111,186.1319949,189.3583999,192.4977387,195.1188276,196.8177554,197.7008225,198.1663884,198.4490891,199.0865099,200.4829984,202.8903817,206.3665059,210.5880661,215.3222587
13,Democratic Republic of the Congo,Under-five mortality rate,Total,Total,81.1795626,83.84005986,86.6387037,89.56612865,92.81682774,95.91323718,99.20649511,102.5270267,106.1489781,109.8780278,113.8208647,117.9612088,122.2820386,126.7474346,131.4369153,136.1282622,140.8825007,145.7337947,150.3907485,154.9258329,159.2522207,163.3201222,166.9310229,170.1678358,172.79515,175.134151,177.231894,179.2533612,181.2596803,183.4341382,185.6736625,187.944922,190.1704044,192.5034351,194.9908527,197.4840214
14,Equatorial Guinea,Under-five mortality rate,Total,Total,78.49049534,81.18015078,83.92340069,86.86781307,90.01461162,93.17625507,96.83519636,100.2087936,103.5942243,107.3876466,111.1651214,115.2964033,119.7203317,124.3750072,128.9976108,133.4854128,138.1603476,142.7774956,147.108742,151.3731914,155.7356762,159.7034675,163.3825862,166.4444921,168.8697905,170.9148153,172.4736653,173.9031395,175.2497672,176.5301602,178.0142452,179.5743366,181.2721979,183.1873787,185.5533551,188.5888288
15,Liberia,Under-five mortality rate,Total,Total,78.2796846,80.36587316,82.46007038,84.32235849,86.12097912,88.25452651,92.14034908,91.95441002,94.20112573,96.74935428,99.81707672,103.5509346,108.2421365,113.9518803,121.0141353,129.5896052,139.7942756,151.2884231,163.6633504,176.6011757,189.6672491,202.4173754,214.7537189,226.6209554,237.6209668,247.4481886,255.7741022,261.965616,265.6430032,266.5484592,264.3895215,259.9082355,254.2129479,248.3051714,243.241695,239.4802815
16,C“te d'Ivoire,Under-five mortality rate,Total,Total,77.91287363,80.31982628,83.22154862,85.99333111,88.37353829,90.7811765,93.64638317,96.95384953,100.0976293,103.0848506,106.2825887,109.9178371,114.2166701,118.2056731,122.0171917,125.6116038,129.5166234,133.0762899,136.6764322,140.1340964,143.3245626,146.0869499,148.5188114,150.611267,152.1852925,153.3449637,153.772489,153.8636074,153.6478412,153.2004497,152.753643,152.3564681,152.2255909,152.5404402,153.2981774,154.5265807
17,Niger,Under-five mortality rate,Total,Total,77.51682678,80.34467469,83.47802499,86.6408373,90.06288633,93.76387346,98.03274407,102.6604132,108.1720166,114.4943595,121.9028245,130.2599868,139.3424134,149.0380592,159.3481354,170.1883246,181.5468714,193.130375,204.4642185,215.1926881,224.9037441,234.2266812,243.8588443,254.239933,265.9596723,278.9326566,292.0472302,304.0234811,314.3772681,322.9564656,329.5807825,334.485511,337.8357923,339.1991411,338.4075067,335.5917317
18,Guinea-Bissau,Under-five mortality rate,Total,Total,76.8391619,79.61008371,82.54232611,85.51807529,88.68874612,92.08196527,95.69535359,99.67453818,104.1581036,109.0965017,114.4966519,120.2445497,126.1297766,132.2024885,138.3342781,144.5066591,150.7158599,156.7871868,162.7681127,168.4035646,173.7842826,179.0429369,184.1370706,189.1060422,194.0944247,199.1455169,204.1277001,208.87783,213.4157612,217.8884289,222.2796715,226.451935,230.724092,234.8908403,239.3340634,244.015905
19,Cameroon,Under-five mortality rate,Total,Total,72.20795599,74.67018214,77.32888691,80.64632351,84.18145845,87.97467984,92.3690448,96.73785134,101.3462538,105.8013871,110.0562369,114.3056188,117.6230864,121.0271169,124.2170257,127.5034226,130.6024903,133.9969735,137.5333816,140.9011231,143.9301995,146.2895144,147.7765712,148.1390961,147.6108604,146.4485475,144.7551175,142.5190715,140.0074609,137.7983046,136.2910987,135.9430329,137.0802076,139.6616202,143.6358424,148.8005829
20,Angola,Under-five mortality rate,Total,Total,71.47146619,74.21841389,77.31711335,80.62629966,84.07973635,88.05029504,92.87292369,98.5329117,105.0804991,112.5068452,120.3561204,128.7148482,137.6898526,147.0229888,156.3959076,166.0684395,175.0908093,183.8404769,191.5480241,198.3824202,204.3619829,209.5780878,213.8053904,217.4026357,219.997463,221.6628611,222.4777166,222.6743764,222.7336514,222.6464452,222.7876737,222.8664769,223.3115776,223.7666555,224.5725425,226.0484769
21,Mauritania,Under-five mortality rate,Total,Total,70.7103576,73.0097284,75.51565681,77.69788128,80.11808796,82.67768406,85.06770407,87.74484436,90.51527725,93.03409441,95.60123432,98.37288515,101.0713983,103.710757,106.0717487,108.0603384,109.7095608,110.8325034,111.4990742,112.066366,112.4695667,112.9369264,113.1906508,113.3207735,113.3374955,113.2516273,113.3425925,113.7503677,114.5385335,115.7644429,117.5811436,120.1861651,123.918691,128.4293962,133.6197563,139.346326
22,Mozambique,Under-five mortality rate,Total,Total,70.55193707,72.87933024,75.61665857,77.98722552,80.35840867,83.95156281,88.44336122,92.29392197,96.31199596,100.5016687,104.8997344,107.3365487,112.8790476,118.8264045,126.1523977,132.0374351,138.1739846,144.9893625,152.5561062,161.0336879,170.4181845,180.4763903,191.001102,201.4539121,211.2007634,219.8432141,227.1271232,232.9795907,237.7554772,241.6139587,244.8674088,247.9804145,251.0762184,254.1615995,257.310773,260.5250717
23,Pakistan,Under-five mortality rate,Total,Total,65.18279401,67.32202777,69.47187688,71.61933995,73.78425624,76.01658273,78.31332774,80.59879447,82.8321338,85.03087512,87.10902702,89.07650029,90.93160749,92.71738614,94.49463083,96.2749098,98.12593279,100.157067,102.4361056,104.97838,107.8014851,110.8931333,114.1666523,117.6148566,121.0622981,124.494808,127.8375099,131.0297828,134.055115,136.9459144,139.7366803,142.4522045,145.0988812,147.7651137,150.4704037,153.1052619
24,Togo,Under-five mortality rate,Total,Total,64.38308306,66.50346994,68.7975436,71.09075182,73.40549357,75.85424273,78.34331233,80.92447533,83.53619773,86.2453579,88.96516078,91.7011189,94.42882472,97.25323203,100.1366931,103.1375145,106.2681321,109.5453045,112.8964453,116.3862107,119.9332829,123.4620936,126.9786279,130.2894908,133.4754331,136.3414762,139.0157042,141.3728828,143.4907731,145.4686567,147.4715692,149.5545803,151.8706079,154.379894,157.2140087,160.3041503
25,Zambia,Under-five mortality rate,Total,Total,61.37835207,64.08916699,65.36867128,64.62932864,65.29908164,67.67586797,68.29300858,71.06213742,74.70504842,76.84747864,79.01105264,83.58401632,88.67319528,93.24917803,98.51854092,106.2093608,115.2047865,125.439546,136.1185376,146.8944837,155.8595177,161.6248184,165.3060075,168.1834399,170.862493,174.0599845,177.4558244,180.4413154,181.9276372,182.1650213,181.5001967,180.2306672,178.2421934,175.2676252,171.311707,167.1117828
26,Comoros,Under-five mortality rate,Total,Total,61.33843254,63.47803235,65.68754895,67.89714264,70.14567387,72.31718895,74.6633894,76.86639369,79.42916839,81.97692724,84.59772702,86.92983248,89.45602139,91.91203166,94.43687276,96.67891986,98.5304145,99.63000074,100.0534094,100.2001986,100.6295994,101.3972568,102.3343561,103.6246063,105.279314,107.4895872,110.1190821,113.316266,117.0323218,120.9387415,124.8614614,128.8825444,132.9350859,137.2589952,141.8979774,146.8822265
27,Haiti,Under-five mortality rate,Total,Total,60.48084532,62.22139777,64.07066172,65.9573613,67.8962795,69.89691144,71.89418421,73.73745095,75.59444237,77.44043538,203.5898315,81.20171777,83.16479479,85.15076993,87.22775133,89.42311755,91.78266843,94.43164632,97.33740483,100.4829409,103.92603,107.6209679,111.50131,115.6106081,119.8576834,124.0961012,128.3839916,132.6311884,136.8569099,141.026701,145.1800655,149.3034587,153.483243,157.7569883,162.1113536,166.653545
28,Yemen,Under-five mortality rate,Total,Total,59.58059835,61.48510621,61.56234251,60.15328127,60.34985089,60.675705,58.68763346,58.38861507,58.775688,58.54156731,58.79103038,60.08998749,62.40954543,65.56841864,69.14538397,72.9659941,76.93282371,81.17985549,85.65445617,90.2631197,94.9674847,99.39257264,103.4387752,106.841337,109.5971478,111.9347095,114.2083234,116.7339677,119.5684988,122.7896878,126.3949903,130.5072199,135.3318377,140.8220391,147.1788117,154.6154785
29,Afghanistan,Under-five mortality rate,Total,Total,57.97538446,60.13503364,62.33866698,64.83309395,67.48670655,70.44674478,73.60150264,76.87090484,80.33995556,83.97011857,87.75619339,91.68160627,95.71578548,99.89214902,104.1164136,108.380649,112.6311615,116.9118769,121.0636651,125.1858137,129.1785073,133.2309685,137.2853929,141.4991374,145.9517953,150.5955629,155.4657829,160.7169543,166.3233909,172.2156531,178.3911367,184.6586696,191.1964429,197.7133799,204.3634553,210.9122892
30,Sudan,Under-five mortality rate,Total,Total,56.5763061,58.41870479,60.14709824,61.97486607,63.91580176,65.90054681,67.88237264,69.78698118,71.69201014,73.6717401,75.67567776,77.85531286,80.16778274,82.65809535,85.32861225,88.10395428,91.02339481,94.15923903,97.4161017,100.8802187,104.2819223,107.6503272,110.9170987,113.962225,116.8881977,119.609044,122.2021561,124.6904356,127.0845884,129.4350069,131.6932646,133.8189567,135.775387,137.6696938,139.385886,182.9423833
31,Djibouti,Under-five mortality rate,Total,Total,55.8780695,57.7586322,59.70554295,61.76995525,63.82120023,65.83443231,68.00588377,70.14130343,72.17528615,74.36750683,76.61019306,78.83211088,81.23698061,83.6056632,86.12687669,88.66527496,91.07342602,93.59516368,96.0911242,98.55857086,100.950797,103.0124472,104.9483695,106.6299366,108.2363038,109.70504,111.0452015,112.4675412,114.1489181,116.029776,118.195071,120.8150005,123.8070864,126.9644063,130.5313516,134.2366809
32,Burundi,Under-five mortality rate,Total,Total,54.35326421,56.60187262,58.99512301,61.491267,64.39882598,67.61729072,71.26143589,75.53337238,80.3057941,85.52651864,91.04714357,97.1249005,103.6262628,110.4787897,117.6438686,124.8878015,131.8925514,138.050826,143.8476937,149.3523248,154.4670782,159.3373513,163.8003969,167.549817,170.1486605,171.9558135,172.7239993,193.8336681,172.4167542,171.3055129,170.0757276,168.8001192,168.0553212,168.7137233,171.2797678,176.1195626
33,Zimbabwe,Under-five mortality rate,Total,Total,53.88818776,54.23560871,54.84205353,57.04974214,58.66147434,61.27913497,62.7387795,66.29513088,72.16295295,80.7560073,86.42748808,91.27684791,94.4766502,95.74021075,94.98982811,93.09691649,92.37784745,91.61826496,92.61714164,93.75680369,95.50726904,97.05053782,98.54467799,99.30527333,98.89857335,96.99225919,93.86997142,90.1996513,86.01849743,82.01826776,78.88906963,76.52416311,75.61826235,76.27265365,78.52138282,82.50587621
34,Madagascar,Under-five mortality rate,Total,Total,50.23834724,51.88479643,53.66981548,55.45525599,57.23286088,59.00661053,60.82817448,62.71887973,64.77269402,66.95052868,69.31976486,71.95141735,74.81401412,77.89542747,81.27904787,84.8088152,88.50231756,92.42810707,96.49499216,100.7846565,105.3743241,110.2529207,115.4614647,120.6931785,125.9234471,131.0463452,135.9643763,140.7784142,145.6864847,150.7418386,156.0733583,161.6306153,166.8628245,171.4429598,175.0041433,177.3743742
35,Kiribati,Under-five mortality rate,Total,Total,49.59135951,51.15214153,52.77721392,54.45392251,55.97389968,57.64062676,59.1814161,60.7523916,62.11185046,63.32476337,64.40625225,65.22797009,65.57810561,65.4687706,65.06287714,64.65615228,64.55110015,64.76733523,65.49221509,66.63706539,68.13305071,69.84199293,71.65761188,73.51100878,75.33388284,77.3495888,79.54545123,82.12365707,85.0237956,88.26403099,91.77728178,95.49874428,99.14587907,102.6033242,105.7340722,108.5444597
36,Gambia,Under-five mortality rate,Total,Total,49.36763233,51.17933367,53.06956629,55.14267149,57.41286417,59.79654863,62.38289125,64.98856037,67.71651289,70.5678958,73.62242099,76.8415231,80.26409616,83.82016348,87.55945834,91.48166309,95.57458588,99.81375766,104.169854,108.6712295,113.3640889,118.0809428,123.011098,128.0643267,133.2266952,138.5478987,143.9874725,149.5892053,155.1431589,160.6784197,166.3099627,172.0525338,177.9502782,184.1572713,190.6585439,197.1179591
37,United Republic of Tanzania,Under-five mortality rate,Total,Total,48.86703672,50.46503086,52.11127956,54.08713734,56.04695314,58.11160872,59.92447977,62.6694001,65.32614506,68.41564109,71.93182527,75.37939387,79.63737989,83.808949,88.77212327,93.90043626,99.8707838,106.5237772,113.95437,121.9195101,129.7341281,137.0226586,143.4042977,148.6362356,152.7999158,155.9056907,158.2366028,160.122987,161.8251539,163.5731307,165.6014324,167.9964619,170.7057343,173.4818993,175.8393359,177.5095817
38,Ethiopia,Under-five mortality rate,Total,Total,48.70834345,50.78924664,53.16274248,55.91844247,59.02818837,62.35958239,65.86259566,69.58098062,73.49797755,77.65155138,82.03373219,86.66914339,91.64402145,97.00488341,102.7724646,108.8723582,115.3012959,121.7866047,128.2711195,134.5602974,140.6848965,146.5428437,152.4539876,158.6523318,165.0716312,171.7089466,178.3937598,184.9492143,190.9758915,196.4055982,201.3016811,205.7892418,209.9727976,213.9445376,217.9408779,222.0975131
39,Eswatini,Under-five mortality rate,Total,Total,46.64455504,47.9980761,52.23047763,57.87118373,55.59036913,57.16401194,62.37276188,62.53993859,65.98903834,73.43266595,85.46632611,95.97973322,101.9049934,103.8436001,108.9552736,119.3609282,119.7143884,119.2493164,117.743694,115.7965026,112.1901832,107.2098974,102.0124534,96.1674502,89.99506031,83.53464144,77.03920461,71.69346882,68.17172786,66.81033754,67.43977882,69.56476889,72.74344678,76.74615969,81.26592411,86.26566066
40,Botswana,Under-five mortality rate,Total,Total,44.84441331,45.94864669,47.02082728,47.81802134,49.15605118,49.65495479,50.1736355,49.61633383,50.84160311,51.92857017,51.35917868,55.34545985,57.63431055,58.63706262,61.53490643,67.01147914,72.747314,76.06036643,78.30103178,80.01817996,80.45435442,78.73525112,76.3195498,72.99207007,69.18759,65.17025266,60.9307718,57.06677875,53.7312767,50.78368214,48.88249934,48.27799019,48.72399934,50.14558358,52.17616719,54.70671309
41,Ghana,Under-five mortality rate,Total,Total,44.70601974,46.37146883,48.14170004,50.05024895,52.21065662,54.56352499,57.07615392,59.7868646,62.71232627,65.85586861,69.11597945,72.31885405,75.29763676,78.04524609,80.55715707,83.00865457,85.61093391,88.513289,91.88404705,95.71120379,99.73868155,103.6541606,107.1742931,110.0842505,112.3827712,114.1755141,115.7494018,117.5557714,119.9338365,123.2412216,127.4122364,132.4900113,138.2795478,144.208542,149.8500061,154.8658494
42,Congo,Under-five mortality rate,Total,Total,44.63430003,52.53921709,47.62155363,49.11180529,50.7833895,52.57334288,54.39323864,56.18670078,57.92839141,59.71881987,62.03462322,65.02088158,69.00839386,73.95284284,79.79434532,86.37449738,93.32613017,100.1536053,106.1797227,111.0705253,114.1327388,115.2473504,114.3813787,111.9414342,108.5800481,104.9366211,101.4655842,98.06903709,95.12489412,92.88118059,91.28124169,90.32347689,90.33559046,91.02904141,92.49661618,94.49498521
43,Lao People's Democratic Republic,Under-five mortality rate,Total,Total,44.07658485,45.73891966,47.52803049,49.425104,51.50047653,53.80663577,56.30143446,59.01007546,61.93465705,65.05711073,68.27375384,71.71629395,75.35797889,79.07751345,82.93552072,86.84382164,90.78316058,94.80960179,98.90435976,103.0515384,107.1976519,111.3664693,115.5785005,119.8780285,124.3646327,128.9571766,133.6594569,138.5504251,143.6582527,148.7534169,153.8981654,159.1099849,164.2960733,169.3609853,174.3960873,179.4282658
44,Papua New Guinea,Under-five mortality rate,Total,Total,43.92609013,45.30521504,46.77646795,48.20297032,49.66900684,50.99564931,52.43439061,53.79892678,55.16008177,56.48711211,57.93441749,59.33916761,60.76853175,62.14569717,63.54160744,64.9003551,66.21401077,67.47403597,68.7507667,69.93871539,71.08130404,72.28998032,73.52763444,74.74325678,76.01590615,77.33275005,78.69926239,80.14645734,81.64888598,83.25331263,84.92225634,86.61297707,88.36404263,90.13634572,91.9917311,93.8607571
45,Myanmar,Under-five mortality rate,Total,Total,43.65279497,45.17965233,46.75086492,48.51401334,50.32404202,52.19027158,54.06878583,56.22852256,58.57821536,61.03673496,63.65827191,66.32852648,98.43104221,71.83772039,74.51020646,77.16706296,79.74648982,82.29145,84.7393566,87.14841106,89.57953482,91.98113923,94.40203563,96.88527463,99.45726102,102.1018672,104.8168774,107.4590073,110.1974602,112.9404077,115.5539766,118.0592603,120.6122472,123.1006784,125.5197849,127.8830549
46,Uganda,Under-five mortality rate,Total,Total,43.31629282,45.32292173,47.42217038,49.89273577,52.44252747,55.69747977,58.80114925,62.32053868,66.68334966,71.61042368,76.28531295,81.51614013,86.75889009,92.83107709,99.56042884,107.0606454,115.1144933,123.4555897,131.5711724,139.2529668,146.1128302,152.0753431,156.9148124,160.5471588,163.2450571,165.4164305,167.5895489,170.6549164,174.5429323,178.905322,183.0537629,186.6609724,189.4898002,191.7793583,194.1996413,197.4672441
47,Timor-Leste,Under-five mortality rate,Total,Total,42.27212426,43.69627901,45.11661262,46.776567,48.44163428,50.2259504,52.11069127,54.19106384,56.34820453,58.84515012,61.47068761,64.41194156,67.69491423,71.56248427,76.05692938,80.91356471,85.96603267,91.19018018,96.54922193,102.0525996,107.7357152,113.5469482,119.544255,125.7626095,132.1919806,138.7944272,145.5350303,152.6020499,159.8675307,167.3343698,175.1638826,183.571866,192.4895088,201.9682974,211.766652,222.0249893
48,Kenya,Under-five mortality rate,Total,Total,41.87395862,42.99963526,44.3317785,45.89411901,47.21871636,48.91057906,50.64335791,52.29949193,54.05202832,55.53278973,57.42010962,59.8696686,63.47179231,67.99537484,72.02313915,76.27902044,81.04569922,85.43782468,89.80883553,94.17187909,98.46308027,102.1413983,105.3604973,107.9696221,109.8216484,110.7092974,110.6280794,109.3425473,107.1799879,104.3758891,101.5033743,98.992377,97.18236058,96.2510472,96.21672085,97.10161473
49,Turkmenistan,Under-five mortality rate,Total,Total,41.75798941,42.4267261,42.82744328,42.8520014,42.54429364,42.19019482,41.96236974,41.94853597,42.0492415,42.45934271,43.11667822,44.13617111,45.54684011,47.38486575,49.60376682,52.29071378,55.23735124,58.57355723,62.19771157,65.96659465,69.70610582,73.05527546,75.8874738,77.88200713,79.0674757,79.4413962,79.26758965,78.93409994,78.57278088,78.63685642,79.49105627,81.35138551,84.0108599,87.38697054,91.29374753,95.72413443
50,Gabon,Under-five mortality rate,Total,Total,41.73405026,43.02596006,44.08405194,45.54082406,47.42349209,50.300914,52.76497259,54.91459112,57.10304092,59.31525395,61.66138636,64.21253448,66.7232486,69.17797878,71.59704811,73.60104581,75.75638828,77.80973828,79.63659719,81.39825337,82.91038561,84.33914867,85.44205022,86.34397169,87.05113009,87.73212643,88.41125632,89.19259535,90.0905091,91.19169933,92.52326695,94.09804879,95.84817156,97.90171629,100.2039535,102.8048112
51,Rwanda,Under-five mortality rate,Total,Total,40.47040105,41.92743206,43.3982396,44.62108594,45.97598596,47.70532664,49.72563688,52.01091036,54.92743984,58.58315845,63.84369271,69.63030624,76.32166155,84.43716739,93.92539914,105.4111775,118.6252805,133.4624837,149.6231345,167.4048484,185.1584067,200.7573438,213.2445629,221.6992814,224.5107098,219.9325623,341.1640177,190.4189714,173.4759384,159.5210835,150.2895482,146.4093014,147.055788,150.3107386,154.6923397,160.0243418
52,Namibia,Under-five mortality rate,Total,Total,40.16112771,41.85182203,43.89992775,44.85898323,46.32689421,47.62925947,47.91202072,49.05643601,50.46666488,48.88076589,49.10535016,51.60909041,55.09793038,60.80762753,65.37156971,70.57453659,74.35650484,74.40527033,74.70118581,75.29111267,75.84436609,75.95873634,75.41689327,74.33142415,72.82297315,71.23974574,69.93116783,69.41600313,69.82996485,71.00879972,72.71125039,74.95386442,77.58908092,80.54528877,83.97713749,87.73087393
53,Eritrea,Under-five mortality rate,Total,Total,39.26651094,40.58813926,41.9055725,43.31295228,44.80053826,46.32500341,47.88859632,49.50416362,51.2333662,53.10736449,55.05282307,57.12066949,59.39678659,61.92853433,64.63708027,67.46764463,70.496091,73.75649424,77.2758469,81.08709498,85.22172785,89.83668021,94.98604994,100.7704269,107.214275,114.39105,122.1712848,130.2325568,138.2027933,145.9062068,153.0298535,159.3420917,164.9962562,169.9895955,174.2966229,178.1071825
54,Malawi,Under-five mortality rate,Total,Total,38.57946446,40.64960108,43.09239908,46.15398658,49.50496103,53.29899388,57.57609227,63.44806412,70.67160581,77.63373334,84.18283645,89.40476867,94.51511103,99.91064002,104.2448316,110.5433387,119.7098225,131.57616,145.5497449,160.540995,174.5868807,185.507648,193.6443082,199.6731443,204.6102215,209.5452363,215.8079567,222.8223757,230.2728417,238.0549048,245.6702863,251.5849317,255.9599172,257.8683383,257.2448734,253.9645682
55,Senegal,Under-five mortality rate,Total,Total,38.08376384,39.72897123,41.72996959,43.95297121,46.49732925,49.35984099,52.32106256,55.3992108,58.6515788,62.07417411,65.73259551,69.80327936,74.27604219,79.36059641,85.17961331,91.77487279,99.12477493,107.0093684,115.1048274,122.8751192,129.5460704,134.497017,137.4690917,138.8394205,139.029337,138.3938489,137.3953003,136.391041,135.9136761,136.4226799,138.307871,142.1399312,147.7796535,154.9712739,163.2695129,171.7748651
56,World,Under-five mortality rate,Total,Total,36.63294664,37.69598301,38.80316143,39.98353831,41.30124689,42.62635211,44.02807404,45.54298591,47.19000083,48.95309318,51.16101064,53.02028385,55.48627238,57.60564202,60.04512478,62.53841829,65.38106469,67.78429271,70.47863093,73.18915507,75.82663817,78.41685903,80.69945281,82.81564864,84.7806844,86.53105769,88.43674377,89.51892888,90.7359457,91.9514189,93.22705099,-,-,-,-,-
57,Dominica,Under-five mortality rate,Total,Total,35.44687493,35.01198382,34.3583217,33.45027103,32.35220212,31.10930228,29.79779612,28.44635843,27.09496146,25.79000715,24.55398674,23.40355385,22.34780624,21.37670091,20.496452,19.70314678,18.99627577,18.35505825,17.80502524,17.32390466,16.915691,16.57532235,16.29638839,16.08076611,15.93470662,15.85071976,15.83038992,15.86780716,15.9758206,16.14836246,16.39406552,16.71850795,17.12507525,17.61989716,18.21010574,18.91472461
58,Dominican Republic,Under-five mortality rate,Total,Total,33.76022428,34.35183717,34.75908498,34.92818207,35.02582051,34.99754874,34.99171666,34.97109292,34.97318342,35.03021846,35.14154862,35.27872157,35.46446006,35.70333149,36.01979033,36.39283343,36.85970279,37.43645705,38.14530874,38.97075808,39.98213439,41.19489317,42.60744222,44.19222099,46.00549279,47.99195462,50.13522582,52.3766915,54.73592573,57.12897495,59.54904764,62.00011047,64.49064246,67.01634685,69.55845545,72.19141831
59,India,Under-five mortality rate,Total,Total,32.63173417,34.37378387,36.32937548,38.56299226,40.97438595,43.52788969,46.21941028,49.03100953,51.96518297,55.03932351,58.15390408,61.35864485,64.60181442,67.86284502,71.14728073,74.43979669,77.75272887,81.12746673,84.53680148,88.0689131,91.65267086,95.26606204,98.88048803,102.4577225,105.9556651,109.3820129,112.7230513,115.9729151,119.2766652,122.6712076,126.1916267,129.9416643,133.8409641,137.7990781,141.719569,145.6676612
60,Tajikistan,Under-five mortality rate,Total,Total,32.2790162,33.27720592,34.32865704,35.34058662,36.51058889,37.49397632,38.42784879,39.3849796,40.32630681,41.41014808,42.7088994,44.30778892,46.29616237,48.81715419,51.88321221,55.63116851,60.10783185,65.22956108,70.95068298,77.15507046,83.56954697,90.02534845,96.41318214,102.4630455,107.7273287,111.6956906,113.7751114,113.2186459,109.8012482,105.2433982,102.3438234,102.2943071,104.6609201,108.854186,113.9543346,119.0904208
61,South Africa,Under-five mortality rate,Total,Total,32.2215821,33.04827821,33.87877624,34.61334494,35.21418164,36.34500732,37.63103682,39.25975435,41.45278967,45.60773389,51.98300565,60.32488072,68.85520776,75.26117554,79.20462272,78.83840191,77.662238,75.72380938,74.31354114,73.09649719,71.5229516,69.96925362,67.83254159,65.63373391,63.76039625,61.7350986,60.07497538,59.08037179,58.88397222,59.56010672,60.91070236,62.8950708,65.27980103,68.07968281,71.14122632,74.40767069
62,Marshall Islands,Under-five mortality rate,Total,Total,30.66743372,31.63326175,32.48787359,33.53591999,34.43939222,35.40055227,36.26755425,37.17299721,37.94187927,38.56013844,38.99030557,39.36266178,39.78238306,40.2173193,40.64644913,41.01699379,41.32384298,41.65278518,41.92976745,42.05183457,42.00407312,41.83065013,41.50222395,41.18332658,41.05006373,41.20105186,41.72709509,42.68408449,44.02984384,45.58538783,47.31375644,49.1670553,51.05257098,52.94724147,54.76552571,56.54168629
63,Bangladesh,Under-five mortality rate,Total,Total,29.10458722,30.67155515,32.40174049,34.21862551,36.11465094,38.07253994,40.08741767,42.17668637,44.37407969,46.67923721,49.14837464,51.80350442,54.66339895,57.75070907,61.04408238,64.55313198,68.28243289,72.26437792,76.52806751,81.12942634,86.03799591,91.27613365,96.82857936,102.5840477,108.578971,114.6993322,120.9217391,127.1845012,133.5081587,139.8357106,146.149719,152.4341456,158.749722,165.1143458,171.5250086,177.7704466
64,Nauru,Under-five mortality rate,Total,Total,28.49088506,29.45430978,30.3838066,31.30790289,32.25049467,33.16315354,34.14341923,35.13357014,36.00771542,36.85334425,37.51596337,37.98062781,38.30051075,38.3756873,38.39888957,38.48350587,38.80637524,39.36032533,40.19451624,41.26163937,42.56721788,44.13155274,45.90065956,47.84983402,50.0279187,52.39505381,54.95258505,57.66632082,60.69192189,63.89385523,67.20056229,70.61582454,74.11553797,77.8754529,81.80308742,85.73921569
65,Guyana,Under-five mortality rate,Total,Total,28.40435113,29.33618854,30.24092731,31.16753838,32.11222938,33.086817,34.05326948,34.99099656,35.85355813,36.6618595,37.43077662,38.17392213,38.95469032,39.73799614,40.53845075,41.38015343,42.2369999,43.19883735,44.19269092,45.24384338,46.39641906,47.61206304,48.85749239,50.11036057,51.41530447,52.78190701,54.23647787,55.79634746,57.38485894,58.99577864,60.55115443,62.02987947,63.34545172,64.52722013,65.53301585,66.42821291
66,Nepal,Under-five mortality rate,Total,Total,28.15919763,29.31825281,30.64425408,32.09829077,33.72897007,35.51839308,37.40484138,39.38887239,41.46021881,43.63588871,45.88970793,48.28279674,50.7989258,53.44147737,56.3172095,59.38250736,62.74528965,66.41353091,70.358173,74.61852219,79.14942022,84.01261007,89.13396498,94.48499832,100.0127509,105.7999864,111.8572904,118.2112458,124.8514671,131.7521963,138.8166894,146.0935241,153.3874457,160.63524,167.7544938,174.7015998
67,Bhutan,Under-five mortality rate,Total,Total,27.62421285,28.57550666,29.62582396,30.74840317,31.91198778,33.12886072,34.59097076,36.15025076,37.9732676,40.01218707,42.35812162,44.94216196,47.79676125,50.83183708,54.0906897,57.54978442,61.22357179,65.01129255,68.92026217,72.9359274,77.22645586,81.61328236,86.13926987,90.86805628,95.70233986,100.7100161,105.6940215,110.8840356,116.1698267,121.6965654,127.4115156,133.2509273,139.3946046,145.7154909,152.1937388,158.9264503
68,Fiji,Under-five mortality rate,Total,Total,27.43122013,26.88197349,26.20303114,25.52647519,24.91348857,24.36639204,23.94157776,23.66405042,23.54324386,23.55659133,23.63876688,23.74226501,23.77495687,23.67541339,23.44737607,23.14284089,22.81229555,22.52262387,22.3554457,22.32092308,22.4115015,22.60091896,22.90414885,23.31012438,23.83964692,24.46452088,25.18280531,25.98206761,26.88782486,27.90771254,28.98143517,30.10539439,31.33080362,32.59592668,33.90431319,35.28684269
69,Philippines,Under-five mortality rate,Total,Total,26.36588671,27.13394348,27.85243898,28.53954866,29.13706851,29.64771696,30.07458132,30.48737997,30.85895265,31.27847321,31.67784238,32.09318599,32.54034249,33.04663856,33.57855457,34.18601124,34.85522296,35.54405965,36.23762308,36.92531978,37.65648949,38.46871854,39.43290964,40.61259234,42.02126722,43.67643387,45.60169312,47.83525283,50.3928327,53.31495895,56.59871456,60.16726536,63.8168047,67.21508215,70.28435008,72.81739424
70,Cambodia,Under-five mortality rate,Total,Total,25.67758726,26.62564022,27.69979101,28.98118034,30.30184001,31.75985525,33.42381091,35.34188926,37.68804973,40.53942037,43.81918586,47.47384814,51.30798918,55.36510218,59.70417771,64.66815813,70.67564947,78.02721276,86.70082498,96.61870779,106.3344349,113.5771658,117.75711,119.7721323,120.2047227,119.6683571,118.5964342,117.3829243,116.5790122,116.3271412,116.3803622,116.4178659,116.4523997,116.9102974,118.0248912,119.9884307
71,Bolivia (Plurinational State of),Under-five mortality rate,Total,Total,25.36865974,26.32971636,27.39965855,28.56353094,29.88336516,31.32866197,33.00214559,34.88884127,36.97420575,39.21291534,41.59196081,44.1328601,46.86404773,49.76784206,52.85914697,56.15106026,59.63040277,63.30780404,67.22454524,71.3423042,75.63639304,80.08571822,84.63333187,89.21892093,93.83322022,98.4151081,102.993358,107.5870193,112.2272106,116.9196513,121.6887917,126.5649602,131.5486948,136.5271053,141.4424088,146.3019328
72,Iraq,Under-five mortality rate,Total,Total,25.23793172,26.0908227,26.99837245,27.8599404,28.75786568,29.70983489,30.68111126,31.72233178,32.76702064,33.82743377,34.93083397,36.00396847,37.06809749,38.11275713,39.09477354,40.01513314,40.91003837,41.77469003,42.64771747,43.529284,44.46212906,45.38752944,46.33203628,47.26577448,48.20774044,49.12556739,50.05258497,50.96235683,51.93571951,52.97930556,54.06727515,55.24894899,56.56449189,58.01241024,59.60184936,61.37141407
73,Vanuatu,Under-five mortality rate,Total,Total,24.9252968,25.63371214,26.34750574,26.94838313,27.59249586,28.21717926,28.75959802,29.12275415,29.3405895,29.27849098,29.13116037,28.97839231,28.77516492,28.60209953,28.40999412,28.22764322,28.14148563,28.10242901,28.14451775,28.28901187,28.49737737,28.76937488,29.06135647,29.36144271,29.73877402,30.24155793,30.84059322,31.67004349,32.6578736,33.88412142,35.29811977,36.98420574,38.94257731,41.29375003,44.07820523,47.26319268
74,Niue,Under-five mortality rate,Total,Total,24.79807623,25.52622657,26.36103347,27.21921146,28.017717,28.9829074,29.82274078,30.66079385,31.63543383,32.54641005,33.39757858,34.12423567,34.77407776,35.33764899,35.66506613,35.69874946,35.3966345,34.74885331,33.90043479,33.01528266,32.11844662,31.22441154,30.40152271,29.54048933,28.63454046,27.77621412,26.98193751,26.31414941,25.76077965,25.32341531,24.97230502,24.69051586,24.46389576,24.27013824,24.16402182,24.22830018
75,Micronesia (Federated States of),Under-five mortality rate,Total,Total,24.65429395,25.43363961,26.20137287,27.03470905,27.97627691,28.89226871,29.86787128,30.71981033,31.61451019,32.34406458,33.10944642,33.70261732,34.19980299,34.48400522,34.59286763,34.69041917,34.84597211,35.22789071,35.89720451,36.7186324,37.76273594,38.99692623,40.29773853,41.57837004,42.82278368,43.92826172,44.94946744,45.84181828,46.76686896,47.81623474,49.08287112,50.52203563,52.09997796,53.81419247,55.39267181,56.70068249
76,Saint Lucia,Under-five mortality rate,Total,Total,24.4047259,23.98947899,23.5020121,22.96029587,22.40439818,21.862433,21.35190755,20.88098664,20.42842479,20.02093282,19.65180088,19.32470865,19.0346355,18.7962035,18.59605528,18.44409071,18.33193403,18.26018405,18.24380178,18.27680072,18.35940607,18.49145311,18.68081039,18.91391992,19.19004452,19.51592542,19.88074518,20.28487489,20.73769833,21.25235744,21.81864983,22.43829592,23.12498817,23.88716202,24.74272245,25.70187351
77,Venezuela (Bolivarian Republic of),Under-five mortality rate,Total,Total,24.2202694,24.2202694,24.2202694,24.22119513,24.215599,19.13302899,17.99383083,17.61494218,17.32895526,17.1520473,17.05838784,17.04032894,17.15020992,17.43466872,17.89068788,18.47055292,19.12418801,19.77648883,20.34938404,20.90468959,21.57475224,44.39840135,23.45323583,24.50195274,25.47885523,26.25268065,26.76903833,27.20309317,27.76368695,28.52766867,29.545635,30.79554726,32.17359987,33.57022921,34.92066101,36.24817327
78,Guatemala,Under-five mortality rate,Total,Total,23.64571347,24.50289746,25.40328019,26.35714184,27.30830761,28.33312064,29.46103566,30.7016495,32.01557804,33.38666175,34.78393587,36.2540062,37.79933325,39.36176598,40.98668245,42.66867802,44.39445663,46.19117125,48.07274347,50.05662829,52.1382661,54.3133834,56.58296383,59.01030882,61.57104673,64.26815498,67.15931518,70.21826737,73.44299556,76.85326741,80.42004106,84.09031504,87.92432005,91.86940044,95.94570113,100.1432869
79,Indonesia,Under-five mortality rate,Total,Total,23.00452939,23.80465166,24.64455081,25.61176835,26.60432904,27.67154303,28.79775816,29.97891524,31.20969697,32.47722846,33.82705147,35.22227866,36.70812789,38.28077175,39.93124131,41.69307486,49.63302114,45.52029806,47.61539857,49.84361243,52.21475185,54.71869634,57.35599629,60.14874077,63.10798841,66.2391031,69.54252311,73.00304671,76.58990691,80.26436961,84.04387734,87.82888202,91.54553588,95.24586353,98.8866537,102.5009719
80,Algeria,Under-five mortality rate,Total,Total,22.68297411,23.25806207,23.80356728,24.31307227,24.78314998,25.16814164,25.47385099,25.77777637,26.1654922,26.70365529,27.43150886,28.37542462,29.49258892,30.74891491,32.11042063,33.56135049,35.05705554,36.51157462,37.8275216,38.91286017,39.69699322,40.23523258,40.73570268,41.4041484,42.2891377,43.29811428,44.40117195,45.54137973,46.58787128,47.71207305,49.08195655,50.97939603,53.85581104,58.36062601,65.01056343,74.51428289
81,Syrian Arab Republic,Under-five mortality rate,Total,Total,22.40183525,22.19460999,23.3830288,23.51005232,39.4607276,41.565168,47.0404992,45.25375567,36.99900744,20.06675957,18.87389875,18.83896346,18.8969797,19.060737,19.31237915,19.67649963,20.13534488,20.69479317,21.3573977,22.1355264,23.02677238,24.04792112,25.17407275,26.43257542,27.78270619,29.21813922,30.72243497,32.2408556,33.72774081,35.20400774,36.70265436,38.17596303,39.7498,41.48661903,43.39844653,45.5442728
82,Tuvalu,Under-five mortality rate,Total,Total,22.00486563,22.72129578,23.51671199,24.31872906,25.1215576,25.97386044,26.92206203,27.89137635,28.98091447,30.06983688,31.30553075,32.64353023,33.99699505,35.33945439,36.61350467,37.74524155,38.70630722,39.54684511,40.33039849,41.1816613,42.11062359,43.25475684,44.5914216,45.98174013,47.33163728,48.57961835,49.67063606,50.6713167,51.50426343,52.16921128,52.77034507,53.22707428,53.65598128,54.10161382,54.61281569,55.27939597
83,Viet Nam,Under-five mortality rate,Total,Total,20.93585367,21.12768109,21.27881726,21.44424571,21.61919878,21.80633728,22.00567032,22.22217403,22.44000884,22.67234791,22.91528829,23.18263478,23.52015073,23.91745617,24.38617516,24.94906466,25.62861166,26.44525333,27.38647328,28.52631889,29.79959933,31.27354791,32.9153394,34.77035736,36.83895811,39.05688001,41.4508346,43.92737964,46.4619648,49.0474406,51.61334809,54.07060263,56.36221001,58.50168993,60.36614262,62.00228167
84,Egypt,Under-five mortality rate,Total,Total,19.45574835,20.14222883,20.8918306,21.66433353,22.46664231,23.30324854,24.26369413,25.25644849,26.31902768,27.46712526,28.67338131,29.9382611,31.28192328,32.69117578,34.18048926,35.74604054,37.46449993,39.36179318,41.49990173,43.86876081,46.57336915,49.58287791,52.87763017,56.47397876,60.36144486,64.53732735,68.84369982,73.10766121,77.30365425,81.43801958,85.64425064,90.20514957,95.60323958,102.1339379,109.8753763,118.8234889
85,Azerbaijan,Under-five mortality rate,Total,Total,19.38822818,20.38256277,21.53565354,22.83591829,24.47639735,26.25715419,28.17346951,30.27360897,32.51018697,34.87095899,37.33677298,39.94641217,42.67534044,45.52494598,48.60409959,51.90214121,55.62726142,59.71392758,64.32301737,69.33143534,74.42826424,79.56748429,84.36103059,88.44867834,91.70015046,93.94842656,95.2226253,95.66204662,95.56366884,95.15143614,95.03759458,95.46626858,96.4615785,98.05101966,99.86287327,102.0609691
86,Solomon Islands,Under-five mortality rate,Total,Total,19.37619798,20.04898431,20.70730749,21.36275607,22.02501974,22.73573496,23.44848014,24.17448081,24.88969403,25.64250243,26.37839536,27.0785853,27.76090327,28.37467493,28.86915692,29.25102391,29.57171783,29.83033145,30.08550209,30.37262122,30.74068204,31.16652469,31.66732237,32.19726556,32.80068414,33.50350231,34.31185977,35.2025019,36.18080517,37.14920105,38.13223688,39.08763774,40.05822069,41.09908511,42.22718342,43.49805364
87,Paraguay,Under-five mortality rate,Total,Total,18.89642549,19.46854511,20.17701331,20.90041524,21.63072052,22.31848152,23.0325246,23.78732742,24.55830835,25.3615947,26.16600272,26.92973196,27.70657123,28.5182146,29.3127647,30.01387142,30.81889876,31.56101261,32.31259695,33.08598582,33.86614052,34.66239771,35.48733293,36.35003169,37.32306715,38.39616617,39.58211552,40.90307183,42.31834021,43.88622215,45.52160095,47.24636325,49.05009185,50.90584574,52.81438473,54.79154844
88,Morocco,Under-five mortality rate,Total,Total,18.68682065,19.47196799,20.32231582,21.23873527,22.30682361,23.50501727,24.86053846,26.28701771,27.81831732,29.45459004,31.19181993,33.04464016,35.03263098,37.13423407,39.29616606,41.5260297,43.73005714,45.91090062,48.02327344,50.13581067,52.31830293,54.5339161,56.91071368,59.4049566,62.04741935,64.84672278,67.79563744,70.81163071,73.9365202,77.22377731,80.62630958,84.2962129,88.32238352,92.80454539,97.62472035,102.9407255
89,Suriname,Under-five mortality rate,Total,Total,17.57040205,18.11338519,18.68439244,19.25396609,19.79167599,20.34135222,20.87955206,21.40029793,21.9611274,22.54632716,23.12662996,23.72708003,24.36273588,25.04060219,25.73997548,26.49311086,27.29458471,28.18412822,29.11102624,30.13889062,31.21524028,32.36815531,33.57874821,34.85317672,36.19433136,37.61151301,39.04646207,40.49649644,41.99796754,43.55278071,45.1197184,46.68613158,48.31879626,49.90701975,51.61494923,53.354518
90,Kyrgyzstan,Under-five mortality rate,Total,Total,17.5332598,18.30455633,19.16375921,20.1352977,21.19430814,22.31152655,23.4870462,24.74178376,26.13594842,27.70944929,29.5429945,31.61231532,33.74375448,35.71571793,37.50111066,39.23784335,41.07610877,43.05678914,45.16439095,47.42973582,49.82488941,52.29317882,54.85153124,57.56510779,60.17605978,62.49939093,64.08284702,64.90616509,65.11265912,65.05576068,65.42854474,66.86089621,69.18679453,72.24134856,75.88631622,79.74403761
91,Samoa,Under-five mortality rate,Total,Total,17.00711251,17.41392877,17.81386126,18.119028,18.35532702,18.55654816,18.7371875,18.92567184,19.113505,19.2392376,19.34815549,25.71028631,19.32956419,19.2813585,19.2546232,19.28115406,19.42508526,19.67479487,20.06650311,20.57023048,21.20407905,21.94939777,22.75109488,23.57168031,24.44534742,25.31121904,26.2164868,27.15170799,28.08991516,28.99871265,29.89350371,30.84473642,31.85867466,32.96553054,34.2056941,35.56521274
92,Palau,Under-five mortality rate,Total,Total,16.8516191,17.43375384,17.95000105,18.57559466,19.17534543,19.80028833,20.4431251,21.1701695,21.80670857,22.45803378,23.1302648,23.70532065,24.36101812,24.96107271,25.48098937,25.97847621,26.49635051,26.95819147,27.43192415,27.93378285,28.46437634,29.0502013,29.72192237,30.42946831,31.17270127,31.94520311,32.73511558,33.46375632,34.1370897,34.75780808,35.32826437,35.87099981,36.44874653,37.08468191,37.83599397,38.67644455
93,Tunisia,Under-five mortality rate,Total,Total,16.61767731,16.86959172,17.01083831,17.07164021,17.10461728,17.1722823,17.30732245,17.49419534,17.7289551,18.02923724,18.39903871,18.86276358,19.44656797,20.16311533,21.02526464,22.03235698,23.22504345,24.57642299,26.13166697,27.91663624,29.9165823,32.15324185,34.63523113,37.30216272,40.07334702,42.80256771,45.47718058,48.08898682,50.51637098,52.9075369,55.28174179,57.7589225,60.49521216,63.57596544,67.00511107,70.85383521
94,Trinidad and Tobago,Under-five mortality rate,Total,Total,16.59615835,17.19515141,17.70963219,18.27121906,18.79953995,19.32084521,19.92441301,20.62313923,21.22166791,21.837748,22.54752768,23.23690637,23.84150185,24.44855606,25.17986642,25.85933272,26.43907994,26.9782491,27.3965134,27.68172788,27.86941624,27.96366512,28.04246134,28.15061515,28.27052135,28.46857115,28.68216934,28.97054337,29.30853392,29.74982515,30.25291326,30.83346059,31.46704293,32.18699059,32.96942852,33.82272043
95,Mauritius,Under-five mortality rate,Total,Total,16.51738512,15.9830404,15.40296157,14.86296354,14.50447111,14.48162817,14.76255912,15.02092438,14.9469902,14.64966477,14.49464157,14.61569341,14.89572815,15.20179893,15.45971956,15.63537168,15.76461209,16.02898613,16.57299597,17.48676632,18.78425064,20.36305699,21.8058134,22.61396596,22.68658457,22.27389121,21.66666975,21.1851486,21.10796177,21.64247642,23.0054686,25.16291216,27.33036203,28.48297672,28.68809936,28.8150986
96,State of Palestine,Under-five mortality rate,Total,Total,16.51083228,17.01803714,17.52800553,18.09586942,18.62713402,19.16172277,19.70272601,20.25388834,20.8305725,21.42091152,22.06591897,22.74466016,23.48877526,24.26086439,25.0853912,25.92415478,26.79265899,27.64730905,28.5301416,29.42532396,30.36728752,31.38046696,32.48179133,33.68330867,34.95881949,36.31400966,37.77427627,39.35805604,41.05836511,42.93278618,45.01762838,47.33596851,49.88199595,52.71369167,55.76737717,59.07722433
97,Democratic People's Republic of Korea,Under-five mortality rate,Total,Total,16.5,17.3,18.2,19,20,21.1,22.4,24,25.7,27.7,29.5,31,31.8,32.2,32.4,33,35,38.9,44.7,52.1,60,67.4,72.9,75.7,75.7,72.8,67.7,61.3,54.8,48.6,43.4,39.5,36.8,35.2,34.7,35.1
98,Grenada,Under-five mortality rate,Total,Total,16.35082327,16.52994985,16.62231263,16.57076311,16.41312221,16.21702948,15.99752276,15.75174691,15.50951386,15.28131012,15.06266713,14.86694944,14.71501785,14.6166832,14.58496303,14.61167206,14.69804148,14.8237307,14.99432628,15.21356403,15.46807367,15.76768293,16.10428514,16.51267631,17.02581615,17.6369084,18.35616921,19.2002449,20.16584507,21.24192108,22.38081428,23.56066957,24.78350173,26.07816379,27.46720875,28.96114212
99,Honduras,Under-five mortality rate,Total,Total,16.21572114,16.77239509,17.37329358,18.00540969,18.620941,19.23906941,19.97751565,20.73303859,21.53004397,22.38308168,23.32099139,24.35865546,25.47648646,26.66143012,27.89133262,29.207611,30.60450531,32.1101802,33.68015621,35.31964965,37.0035584,38.74385174,63.7019311,42.42196237,44.34879433,46.339108,48.41925368,50.6236821,52.98448363,55.48412866,58.16186035,61.03333829,64.08669215,67.30655139,70.70134326,74.26267768
100,Sao Tome and Principe,Under-five mortality rate,Total,Total,16.14188266,17.02562354,18.13500684,19.50385408,21.18877746,23.14938839,25.31171103,27.70777232,30.18979517,33.01720385,36.05437393,39.32601686,42.85059096,46.68492743,50.89996383,55.46750009,60.36194839,65.55026386,70.95215079,76.52255759,82.03136466,87.38502217,92.45846637,97.10573858,101.1913565,104.5015099,106.9401203,108.4548675,109.1026972,108.882692,108.234538,107.125623,105.7392013,104.0614566,114.3911664,99.95208284
101,Nicaragua,Under-five mortality rate,Total,Total,16.03775227,16.61524031,17.25629256,17.9227618,18.64722388,19.40368002,20.2183378,21.07890486,21.9718007,22.91907163,23.90451275,24.94414029,26.05844874,27.25888072,28.52242869,29.88464783,31.33462163,32.90135472,34.63304207,36.50511287,38.54812623,40.7588553,50.17279292,45.73572924,48.482397,51.36058174,54.34113511,57.42209216,60.50899222,63.61585724,66.68785457,69.72065375,72.6722567,75.66017422,78.81559959,82.32772875
102,Mongolia,Under-five mortality rate,Total,Total,15.36534828,16.0381134,16.7831381,17.6100154,18.5026935,19.42748614,20.38629195,21.46512766,22.76991237,24.36688825,26.29355692,28.56559162,31.19568169,34.1205755,37.35885647,40.9427012,44.85354342,49.10038424,53.67116086,58.49127277,63.45026341,68.43693629,73.35553857,78.0720209,82.56797406,86.77384041,90.76067168,94.6891705,98.74349295,102.9420817,107.4470037,112.3873196,117.6884754,123.2889972,129.1108953,134.856563
103,Jordan,Under-five mortality rate,Total,Total,15.0165186,15.48408362,15.97895465,16.44901236,16.95866024,17.45520387,17.9412648,18.44484144,18.96441955,19.51003785,20.07143169,20.65916496,21.27350681,21.89902521,22.54455653,23.21311499,23.8897254,24.60617013,25.32145587,26.05612422,26.80113063,27.55934574,28.33833652,29.12581319,29.95777112,30.81733322,31.72086414,32.68309358,33.69751155,34.80245459,36.0038338,37.31243924,38.74003074,40.31989416,42.0512145,43.91762122
104,Saint Kitts and Nevis,Under-five mortality rate,Total,Total,14.99111903,15.42132889,15.82672998,16.22650177,16.58970383,16.90938315,17.15736047,17.2953769,17.35036969,17.40368895,17.5133082,17.65884681,17.85837126,18.1463987,18.56522182,19.09720013,19.78893095,20.63313047,21.60573577,22.66918085,23.76514637,24.80844682,25.75881423,26.58998295,27.29420303,27.87553129,28.34832727,28.80225972,29.24271304,29.75330016,30.41828098,31.32173996,32.43546607,33.83294308,35.49455503,37.46947919
105,Brazil,Under-five mortality rate,Total,Total,14.69580558,14.93454893,15.16724857,15.40195456,16.74389632,15.93587981,16.289386,16.7119265,17.23587083,17.87028361,18.63735648,19.54677588,20.60087646,21.83374829,23.22583526,24.77772675,26.51229033,28.37966219,30.36623792,32.49037336,34.71853916,37.07530538,39.55148976,42.20971387,45.03457151,48.00933174,51.13296873,54.30915699,57.41638975,60.37525731,63.14496596,65.82908132,68.49152536,71.22811935,74.03183735,77.02473431
106,Republic of Moldova,Under-five mortality rate,Total,Total,14.47453054,14.76372634,15.02755954,15.25715411,15.47233699,15.76491725,15.9777473,16.26126417,16.53299103,16.84849643,17.14683284,17.43994289,17.80450601,18.32831162,19.03675449,20.05122744,21.46637121,23.34616588,25.75799306,28.55563505,31.51277844,34.35774021,36.66868295,38.18931336,38.8864036,38.62941594,37.66075653,36.26358507,34.83008189,33.85203146,33.59316977,33.96370914,34.99763921,36.58252205,38.42449554,40.5079285
107,Panama,Under-five mortality rate,Total,Total,14.33881144,14.84109349,15.39910695,15.92281651,16.44456478,17.01171057,17.55251204,18.10147639,18.7214502,19.27502008,19.85760679,20.47171569,21.07139549,21.70254008,22.32058055,22.92524294,23.53110525,24.14680248,24.77359344,25.4001823,26.02226583,26.5693584,27.06556715,27.50391198,27.90646324,28.31090473,28.75619218,29.2626795,29.85190468,30.52956232,31.32661209,32.22105527,33.20832275,34.2761273,35.41842836,36.6917756
108,Cabo Verde,Under-five mortality rate,Total,Total,14.18585141,14.92029584,15.78453182,16.83428098,18.10560508,19.52793749,21.03206164,22.52965858,23.96000148,25.23201838,26.29192243,27.04547264,27.52056385,27.75497718,27.85820411,28.07292824,28.63702294,29.75664058,31.64155105,34.44145424,38.1000937,42.45375939,47.08121133,51.33939061,54.58505745,56.64435502,57.53303822,57.69561529,57.9165215,58.70325524,60.34895415,63.17133813,66.97254449,71.30454546,75.66371243,79.59493662
109,Saint Vincent and the Grenadines,Under-five mortality rate,Total,Total,14.11819204,14.62100159,15.11240887,15.63191506,16.16969572,16.74965852,17.36220262,17.97206933,18.59598009,19.22603149,19.83281456,20.36200638,20.76916644,21.07513524,21.29018772,21.45380986,21.60120061,21.72839678,21.88255698,22.02836302,22.17065971,22.2656774,22.30223104,22.29949238,22.24265067,22.19059851,22.2069816,22.32895123,22.59133806,23.06696886,23.76195695,24.69922746,25.94166118,27.56319252,29.63269023,32.2197501
110,Uzbekistan,Under-five mortality rate,Total,Total,13.94773336,14.83051088,15.77905531,16.81452931,18.01617129,19.34293709,20.81579402,22.48635767,24.35594396,26.43641072,28.72445206,31.27022972,34.03640517,36.9957146,40.1464346,43.40050135,46.81609151,50.39344965,53.94487424,57.44810098,60.65721382,63.47713876,65.71817688,67.33690581,68.5840434,69.51341182,70.07061542,70.3168803,70.31948982,70.39916998,70.62231382,71.42038287,73.21769271,76.07435708,79.76704453,84.28884051
111,Seychelles,Under-five mortality rate,Total,Total,13.94121496,14.25602248,14.53807114,14.74564603,14.81868376,14.78590744,14.65297267,14.50519915,14.36467399,14.2201187,14.09338069,13.98318953,13.88864384,13.82446822,13.78174629,13.74376216,13.72054472,13.71341839,13.7092932,13.71610795,13.75047886,13.80664228,13.88063854,13.98787921,14.14495916,14.35051774,14.61201271,14.92087,15.31136842,15.77222764,16.31961046,16.93179413,17.61770107,18.42032489,19.33871567,20.41911885
112,Mexico,Under-five mortality rate,Total,Total,13.6745963,14.14696462,14.64250909,15.15865486,15.68840824,16.21382478,16.7647834,17.33812991,17.93122792,18.54855412,19.19521543,19.85943232,20.55376549,21.29130152,22.08924901,22.94731206,23.8658239,24.86387412,25.95450096,27.11924488,28.38474107,29.72673962,31.15952269,32.65900472,34.24103296,35.90722908,37.64165569,39.45508229,41.36636519,43.36068078,45.43513072,47.62096445,49.88119272,52.22274291,54.64811369,57.17713236
113,Jamaica,Under-five mortality rate,Total,Total,13.280228,13.69298991,14.1678968,14.59870006,15.07955811,15.52235491,15.99809689,16.49032172,17.026252,17.52729171,17.99789312,18.45786772,18.87917771,19.23834861,19.55260185,19.90432033,20.27048615,20.65923488,21.10945751,21.62403538,22.21574662,22.885354,23.60305403,24.33384928,25.10358564,25.92902293,26.77397609,27.65833264,28.56212302,29.47481046,30.38149287,31.32273993,32.27520007,33.28104952,34.27323244,35.285864
114,Colombia,Under-five mortality rate,Total,Total,13.18651832,13.61912904,14.08721265,14.56043013,15.04005746,15.52336938,16.03488261,16.57590532,17.14007528,17.72699384,18.32825632,18.93774954,19.54603241,20.18639188,20.83384564,21.48016103,22.14606878,22.81261309,23.50898029,24.27197312,25.06525662,25.9104221,26.81564914,27.78412303,28.79974754,29.8595829,30.96791296,32.10038347,33.23460586,34.37906042,35.56798137,36.82052499,38.20767254,39.73786237,41.49344231,43.56143721
115,Ecuador,Under-five mortality rate,Total,Total,12.95289318,13.43013988,13.9003747,14.35682235,14.83759303,15.36568836,15.9485209,16.60960694,17.33600578,18.13245992,18.98290733,19.87179197,20.77942147,21.66735654,22.55647784,23.45225039,24.40269172,25.43030392,26.62504639,27.97547328,29.53381023,31.33523084,33.38608637,35.64562892,38.14521994,40.75707796,43.45089253,46.12166207,48.80573733,51.4172727,54.05245567,56.71650801,59.49102815,62.5049029,65.77033719,69.54625433
116,Iran (Islamic Republic of),Under-five mortality rate,Total,Total,12.94250644,13.39643945,13.85753713,14.37357286,14.88072625,15.45334539,16.07529557,16.76409331,17.48641244,18.32385998,19.32540821,20.41063081,21.69776886,23.14835936,24.70971237,26.40369696,28.2055886,30.15299718,32.16795949,34.19659812,36.21895139,38.23566245,40.18942834,42.13280697,44.01804278,45.90755441,47.8185785,49.86128018,52.1020857,54.61171898,57.47017185,60.60563827,64.11603316,67.94453546,71.92028496,76.29086001
117,El Salvador,Under-five mortality rate,Total,Total,12.87547009,13.33008466,13.81024555,14.32115771,14.87839164,15.4655852,16.09070795,16.78711038,17.57249718,18.45594232,19.38075152,20.38839136,21.44747218,22.58189637,23.81192776,25.13151133,26.56173585,28.057865,29.6424964,31.33566212,33.19399937,35.16223377,37.33545901,39.71787053,42.27090261,44.97078581,47.7851888,50.67532604,53.68688761,56.76360929,60.03929692,63.4589829,67.12519164,71.04983264,75.30798295,79.90314533
118,Peru,Under-five mortality rate,Total,Total,12.82404298,13.30471358,13.82533213,14.414581,15.02925557,15.68022303,16.37070355,17.09714804,17.90107717,18.79128873,19.75189519,20.83048818,22.04100204,23.38349963,24.87057813,26.50769015,28.34145034,30.37512569,32.67976456,35.258813,38.20361974,41.50802369,45.16381962,49.14078494,53.3843015,57.82145801,62.3583599,66.92916543,71.44839259,75.88596457,80.22674398,84.59853825,89.22166494,94.2784523,99.61815606,105.0601046
119,Bahamas,Under-five mortality rate,Total,Total,12.25792631,22.44769786,12.9949643,13.33737752,13.6770137,13.98998403,14.28071726,14.58030906,14.89430083,15.21305159,15.55456502,15.89162325,16.22214539,16.50805936,16.73311601,16.8401906,16.82510325,16.70762531,16.5227698,16.35376986,16.25439865,16.30030226,16.54194489,17.00552789,17.66890818,18.46549353,19.36284749,20.32076447,21.33214121,22.38451827,23.46365057,24.56684084,25.62898916,26.57873476,27.32008869,27.81759882
120,Barbados,Under-five mortality rate,Total,Total,12.24779559,12.6336549,13.00410754,13.35379924,13.70853099,14.03000406,14.31943646,14.5501249,14.71303208,14.84775549,14.98118717,15.1205341,15.27919847,15.43952349,15.58222712,15.69144571,15.73766534,15.69174962,15.54300462,15.33846262,15.12863503,14.94365418,14.8329543,14.81932728,14.93530215,15.17173975,15.53768801,16.03335907,16.64263433,17.3550384,18.12032583,18.91383973,19.69082678,20.43588832,21.16221819,21.87070193
121,Belize,Under-five mortality rate,Total,Total,11.66310562,12.26219595,12.94218612,13.69712023,14.5008615,15.30907544,16.12199257,16.92819216,17.67304963,18.34522293,18.93654334,19.44576757,19.88266302,20.25916172,20.61049089,20.93858076,21.2903619,21.69865484,22.20102513,22.82175669,23.56433836,24.41514376,25.37655889,26.43869701,27.60499243,28.91051296,30.35114548,32.0380604,33.92335076,36.0238903,38.35861157,40.86820383,43.48895366,46.19271808,48.91711692,51.59427599
122,Brunei Darussalam,Under-five mortality rate,Total,Total,11.51112959,11.42594475,11.24701607,11.03614512,10.81839476,10.59255461,10.38073849,10.17290483,9.992501116,9.830156803,9.687360457,9.582457893,9.509459989,9.470524686,9.462583225,9.497159384,9.563059385,9.675320131,9.841699183,10.06112256,10.34580707,10.68895602,11.0879994,11.52912258,11.98547846,12.41845751,12.79291345,13.05910496,13.20887687,13.25974174,13.27770026,13.33526582,13.48801741,13.77166994,14.20272452,14.7982291
123,Tonga,Under-five mortality rate,Total,Total,11.41130485,11.6834114,11.93836132,12.12484237,12.27802404,12.40649781,12.52318533,12.63531073,12.78477952,12.94469817,13.16913813,13.40492509,13.67092427,13.97887185,14.33970516,14.72145089,15.12436998,15.56257,16.00109862,16.45901663,16.91367152,17.33068401,17.73711801,18.09629168,18.44837477,18.84910365,19.32696649,19.90724271,20.58011075,21.32907673,22.12288732,22.91707087,23.6934305,24.39367251,25.02758309,25.60793628
124,Libya,Under-five mortality rate,Total,Total,11.13262592,11.50866198,11.90404654,12.32486637,12.78624551,13.26976079,13.7878932,14.37571466,15.01429481,19.43146564,16.58637111,17.58091285,18.76487427,20.17023754,21.68338829,23.12583742,24.41162741,25.51875473,26.45152511,27.27032274,28.0970647,28.94589823,29.84103106,30.81722662,31.91960248,33.14284767,34.47490931,36.02279107,37.75294891,39.69439075,41.8684256,44.24983517,46.71882999,49.2761124,51.99832438,54.85717732
125,Oman,Under-five mortality rate,Total,Total,11.00609768,11.09122451,11.1350028,11.15405327,11.16568797,11.18943913,11.24095443,11.32300543,11.43865517,11.57348389,11.71106228,11.84911933,12.00059927,12.19198964,12.45240004,12.79731749,13.24561521,13.83346451,14.54024581,15.42305465,16.46435976,17.64554026,19.01668758,20.53166321,22.25213418,24.24729253,26.53638508,29.16125298,32.14487678,35.51369647,39.22426497,43.32889935,47.87848067,53.03756058,58.91156511,65.59164936
126,Armenia,Under-five mortality rate,Total,Total,10.94147614,11.48877421,12.07623199,12.71063005,13.38745909,14.09067496,14.84185331,15.61661165,16.44581578,17.32616343,18.26908137,19.24352328,20.27390775,21.35458369,22.50799534,23.71227957,24.9915123,26.30029524,27.67111843,29.09362899,30.59698216,32.14776609,33.75559662,35.44269087,37.20203879,38.99868107,40.90828581,42.87784888,44.90094094,46.96512874,49.05659809,51.17852308,92.68511439,55.57057814,57.81813662,60.18410793
127,Kazakhstan,Under-five mortality rate,Total,Total,10.01937291,10.14587468,10.29190774,10.54643852,11.03974694,11.869592,13.04808743,14.55113009,16.3340592,18.31079236,20.37030437,22.49000332,24.65892252,26.82422951,28.96599667,31.01718901,33.07893148,35.22193632,37.48846219,39.90909006,42.49654608,45.17702483,47.73669604,50.00646687,51.72922153,52.76856349,53.08379356,52.69951039,52.11390669,51.75881919,51.9362375,52.63627143,53.88149276,55.58236825,57.50219647,59.55629735
128,Albania,Under-five mortality rate,Total,Total,9.843317701,9.692453665,9.531429646,9.418757754,9.416254666,9.556656506,9.886532196,10.42445145,11.18313673,12.14675164,13.2566016,14.46702138,15.76033418,17.11531819,18.52559476,19.98156084,21.46453208,22.95605059,24.41755673,25.83315246,27.2221264,28.59441996,29.95029247,31.28711443,32.59535152,33.86199417,35.11484202,36.40569452,37.78074107,39.28688768,41.00592511,43.04810867,45.43970487,48.20280252,51.39777273,55.08822156
129,Turkey,Under-five mortality rate,Total,Total,9.486371072,10.06819826,10.71469623,11.40911325,12.1459851,12.95228807,13.81609648,14.7498659,15.77026517,16.88897735,18.11280955,19.45247829,20.92641907,22.52575694,24.26600974,26.15381601,28.18950857,30.39469652,32.74621252,35.26345708,37.93331313,40.7920469,43.81696592,47.01115207,50.36898936,53.91970404,57.60931616,61.50984027,65.57393317,69.81056464,74.1701374,78.64406488,83.30674797,88.19005796,93.26497381,98.60528158
130,Georgia,Under-five mortality rate,Total,Total,9.257475304,9.4965764,9.72282409,9.940688239,10.19755526,10.50551064,10.90674368,11.43519006,12.13203284,13.04290413,14.17560185,15.56485249,17.20369865,19.10052114,21.25830959,23.62935779,26.17737833,28.83921593,31.48548125,34.09612076,36.5613369,38.79087216,40.77615789,42.53221939,43.97326453,45.14783552,45.99384265,46.63032156,47.13262543,47.52567282,47.86432692,48.19139048,48.5434601,49.00633838,49.67002415,50.58753663
131,Kuwait,Under-five mortality rate,Total,Total,8.856417771,8.793610741,8.712258485,8.660835192,8.669392891,8.755330985,8.933222474,9.203348202,9.562495335,9.969380256,10.35602548,10.66901402,10.90786142,11.08706257,11.24054079,11.39674575,11.58392322,11.78130559,11.9624477,12.15858548,12.40877742,12.73613096,13.09928233,13.45114898,13.74906874,13.95640741,14.0878527,14.27554065,14.64922173,15.27513189,16.21107159,17.45546822,18.83880255,20.16495255,21.4781336,23.01323316
132,Thailand,Under-five mortality rate,Total,Total,8.6502528,9.030233209,9.439461934,9.867115679,10.32057837,10.80418099,11.30923938,11.82762857,12.37440033,12.95921139,13.57844807,14.21654908,14.8978589,15.6129769,16.36809881,17.17192854,18.02702869,18.93315804,19.87769892,20.87907403,21.95054801,23.09821971,24.31868159,25.61240249,26.96710137,28.40725504,29.929019,31.5451102,33.26635297,35.14639762,37.10360036,39.16770049,41.29375363,43.47961922,45.71102543,48.01283648
133,Malaysia,Under-five mortality rate,Total,Total,8.624932434,8.568404485,8.437723198,8.280981348,8.148882902,8.05304002,7.990275193,7.957998549,7.961390072,8.001588601,8.056756671,8.092577954,8.099696411,8.105345448,8.135675903,8.207549703,8.331868423,8.536037702,8.884460418,9.448681704,10.18727322,10.98842212,11.7334278,12.38122001,12.90662447,13.35920642,13.8437358,14.42959193,15.09885125,15.82770386,16.59748866,17.42145123,18.30954559,19.29573567,20.41464026,21.67600949
134,Argentina,Under-five mortality rate,Total,Total,8.557046956,9.0990841,9.692473509,10.29484128,10.89677713,11.49155906,12.0786383,12.6706226,13.28582855,13.89601922,14.4541557,14.92637736,15.32942669,15.69451796,16.07083759,16.52112588,17.07686537,17.69348387,18.31474007,18.9434919,19.61251638,20.35385942,21.17840531,22.08408101,23.06728905,24.12292204,25.21698969,26.30546788,27.30938098,28.13108711,28.64721074,28.84777429,28.92320049,29.10874289,29.5863236,30.55306707
135,Ukraine,Under-five mortality rate,Total,Total,8.113907773,8.373418087,8.632943959,8.897777742,9.176658171,9.475830509,9.817886744,10.21511656,10.6703149,11.18252932,11.73133186,12.29605036,12.85846024,13.40835549,13.95593833,14.51464649,15.1243947,15.82524311,16.60848853,17.44337365,18.2697237,19.0183741,19.6294704,20.04677215,20.25082175,20.23487363,20.05374586,19.75938427,19.46339526,19.3002757,19.31374827,19.5410294,19.96205727,20.54114033,21.25116562,22.08676904
136,Costa Rica,Under-five mortality rate,Total,Total,7.912179742,8.190464977,8.439234477,8.658127277,8.866127448,9.083106003,9.324302071,9.607659537,9.922298988,10.22965924,10.50883568,10.74817725,10.93819588,11.08624216,11.21243219,11.34145071,11.50803158,11.76281321,12.11540109,12.5623047,13.07502168,13.59407681,14.05324008,14.41651834,14.67842949,14.85323526,15.01975668,15.25933659,15.62283401,16.1358075,16.82979458,17.72447473,18.84301504,20.0628275,21.16933724,21.99121889
137,Cook Islands,Under-five mortality rate,Total,Total,7.392798924,7.64738428,7.901709703,8.195820853,8.481138563,8.788867319,9.138350647,9.488994709,9.860474534,10.29507842,10.7714432,11.30550267,11.91627161,12.59098699,13.31239472,14.05238509,14.8122663,15.59451782,16.38036753,17.19688564,18.01509353,18.91217265,19.85731116,20.80918131,21.69847561,22.42967904,22.99687767,23.37376221,23.60000383,23.74919559,23.83331282,23.95762533,24.13295377,24.39776957,24.7997969,25.3259044
138,China,Under-five mortality rate,Total,Total,7.342183436,7.911218185,8.528206822,9.196833588,9.918292247,10.70456679,11.55940377,12.48749725,13.48614009,14.57424171,15.75244144,17.035814,18.46742143,20.07760404,21.91569701,23.99873992,26.32376859,28.82386729,31.46063502,34.11211481,36.69187432,39.13664783,41.41787237,43.54021353,45.55434513,47.47762544,49.28012619,50.88630145,52.22057213,53.16154131,53.74100305,53.98416933,53.99324821,53.92722485,53.90228079,54.17777883
139,Saudi Arabia,Under-five mortality rate,Total,Total,7.009063445,7.310813825,7.676072905,8.094213626,8.569787435,9.09519736,9.642699565,10.21815242,10.84987459,11.53102397,12.25130077,13.01096075,13.81521719,14.6554073,15.54482866,16.46335042,17.440565,18.47078454,19.56267188,20.74210277,22.01790133,23.41372189,24.92139247,26.58937521,28.44587037,30.50304784,32.76396771,35.2181249,37.94610822,40.96742435,44.28472409,47.91050509,51.84094439,55.96250614,60.38742562,65.02358367
140,Lebanon,Under-five mortality rate,Total,Total,6.984167387,7.223788103,7.446002949,7.704846288,7.993272249,8.279622934,8.606498179,8.950691453,9.311774097,9.737650183,10.18883526,10.71900729,11.3595418,12.1061989,13.01803693,14.05161371,15.17925063,16.37376169,17.53652241,18.69712177,19.88743808,21.0448862,22.17538376,23.31055434,24.47024972,25.65778149,26.88360061,28.15926974,29.4922469,30.91960835,32.4392049,34.00694617,35.68282052,37.42569935,39.28854552,41.17237594
141,Sri Lanka,Under-five mortality rate,Total,Total,6.9281493,7.199218016,7.506481363,7.845745708,8.245063836,8.720174388,9.264109242,9.836854458,10.40340402,10.92736248,11.37648938,21.27652723,12.21476032,12.81557066,13.53150682,14.20377354,28.90644541,15.13972837,15.53719715,15.97156807,16.49225532,17.11490708,17.80201607,18.5029614,19.21013286,19.9412854,20.6935152,21.40027217,21.9892809,22.4479753,22.79086704,27.03834622,23.81915028,25.23053081,27.41604383,30.22293285
142,Romania,Under-five mortality rate,Total,Total,6.882170606,7.088476641,7.412943642,7.872364168,8.464858598,9.162378785,9.898250717,10.58978443,11.21092362,11.78714321,12.36661036,13.05400697,13.97706593,15.17050092,16.59861291,18.13440606,19.3906378,19.96624336,20.11433154,20.52612926,21.57372624,22.99824275,24.41559698,25.63434504,26.61777585,27.34026475,27.78615778,27.98404507,28.3192546,29.37413303,31.34590383,33.39144348,34.48412784,34.33686323,33.21422925,31.70428539
143,Bahrain,Under-five mortality rate,Total,Total,6.757362163,6.955502615,7.13755629,7.310651797,7.45809375,7.58354725,7.687110104,7.809828112,7.975648969,8.205173374,8.513390433,8.899681127,9.340673434,9.797638097,10.23341347,10.62314631,10.96429082,11.27284081,11.59431495,11.97467958,12.47845688,13.14688293,14.04126259,15.19830316,16.60027157,18.14537884,19.69283611,21.05858079,22.05724994,22.66775927,22.99136723,23.18054099,23.36093001,23.68619404,24.23112564,25.01908949
144,Chile,Under-five mortality rate,Total,Total,6.751627809,6.989048898,7.207061815,7.429744792,7.661269028,7.893109926,8.100306604,8.265821858,8.402288231,8.543743077,8.697857601,8.823972687,8.883021716,8.905033079,8.963513077,9.099349631,9.286342912,9.505553956,9.800001236,10.25619604,10.8906649,11.52295222,11.9409795,12.19939502,12.53006692,13.09840961,13.91561135,14.97225314,16.23269414,17.64070859,19.08548088,20.3837432,21.35085069,21.93402392,22.21233542,22.4209989
145,United Arab Emirates,Under-five mortality rate,Total,Total,6.573128943,6.784159263,6.992973582,7.20470922,7.408709092,7.600698349,7.783166986,7.970083989,8.176248924,8.407243369,8.65764323,8.917237388,9.168851172,9.396679895,9.607232712,9.827774104,10.06388035,10.31958535,10.58499318,10.85851232,11.14907702,11.46515424,11.80524064,12.18926647,12.62428988,13.086107,13.61259006,14.2170443,14.89491984,15.65314093,16.51426321,17.48497902,18.55535998,19.79834179,21.15711725,22.74817067
146,Maldives,Under-five mortality rate,Total,Total,6.461994875,7.008195494,7.637547054,8.324355936,9.046019576,9.788800572,10.54497323,11.31850094,12.10720799,12.93675766,13.85281777,14.88496196,16.09336794,17.55020767,19.31462789,21.45926522,26.86074593,27.10793526,30.65556738,34.63416658,38.96059879,43.49625405,48.10477162,52.78551951,57.54869351,62.23183469,66.95642382,71.56826538,76.18531661,80.87036104,85.65322053,90.67673166,95.93704121,101.4399789,107.2768608,113.4546854
147,Malta,Under-five mortality rate,Total,Total,6.457929499,6.513956912,6.54132871,6.556058689,6.564551742,6.574322539,6.589063611,6.60663751,6.624466863,6.648161063,6.674250312,6.708932054,6.750863924,6.805492597,6.876534606,6.952361178,7.052638448,7.184527131,7.346771545,7.547698354,7.788168649,8.071805259,8.393749447,8.736529618,9.09634785,9.458719635,9.818028903,10.17701201,10.53291626,10.90036732,11.28362432,11.71171453,12.18794893,12.71444978,13.28923583,13.89583986
148,Antigua and Barbuda,Under-five mortality rate,Total,Total,6.392133426,6.612783981,6.858049158,7.120476427,7.427921306,7.754766897,8.111521126,8.538191431,9.001217317,9.499142303,10.02231643,10.56809024,11.13495413,11.71167848,12.3015586,12.89531638,13.48580204,14.05006796,14.59270133,15.06871047,15.47046285,15.77229689,15.93951131,15.97276245,15.86361158,15.63048373,15.3189,14.96016287,14.6034383,14.26140127,13.97411045,13.74146254,13.59099788,13.52456731,13.55735854,13.68469058
149,United States,Under-five mortality rate,Total,Total,6.345011067,6.446605847,6.537152885,6.623777039,6.708755809,6.793889557,6.88186197,6.977365347,7.085110202,7.205572535,7.336823412,7.476741886,7.614684913,7.74417002,7.860571796,7.962464782,8.052484186,8.137540742,8.228802235,8.329905983,8.44687745,8.584812781,8.751048648,8.949917412,9.186021969,9.462449855,9.780322685,10.12927671,10.49827351,10.86754495,11.22429033,11.55457189,11.85619311,12.13752214,12.41202478,12.70350866
150,Uruguay,Under-five mortality rate,Total,Total,6.185570613,6.720753238,7.283726421,7.841012213,8.377762585,8.866782091,9.293333738,9.659289179,9.983269047,10.31826677,10.71095982,11.20627039,11.84714105,12.6270183,13.4910355,14.36314898,15.14725047,15.73523946,16.16508553,16.54591298,16.9872828,17.54324579,18.26539503,19.07925068,19.85656671,20.47662167,20.95587964,21.3366074,21.71321124,22.20376235,22.89816849,23.82616985,24.97436743,26.24414147,27.43906165,28.46856864
151,Bulgaria,Under-five mortality rate,Total,Total,6.147107217,6.56465898,6.957779504,7.336600161,7.735824799,8.179710261,8.685214241,9.252753386,9.836446422,10.36506572,10.77763375,11.11079443,11.42870985,11.82354036,12.41409275,13.26175653,14.22655024,15.13277676,15.94695701,16.73255184,17.51859711,18.25391615,18.8525703,19.25449784,19.38874048,19.28500161,19.14952902,19.15945475,19.1916189,18.95660493,18.39157647,17.8627341,17.72529655,18.03592031,18.71711644,19.66835825
152,North Macedonia,Under-five mortality rate,Total,Total,5.93232972,6.792253898,8.079380378,9.617137703,10.88075548,11.36011356,11.17396296,10.64637317,10.14085117,10.00055589,10.35686992,10.99547519,11.66051289,12.29070072,12.98160922,13.72278309,14.2599776,14.36117752,14.33157856,14.78447126,15.97647515,17.3836144,18.37021228,19.2371618,21.06295711,24.47145327,28.49048586,31.38407212,32.9757415,34.50738755,36.8748486,40.01709061,43.57931452,46.92257118,49.14138704,49.95385606
153,Qatar,Under-five mortality rate,Total,Total,5.762584167,6.145547652,6.553127564,6.969536583,7.387995558,7.775160056,8.13207052,8.438922701,8.699369045,8.928639461,9.14655333,9.358908257,9.586162582,9.835671681,10.11152272,10.42830817,10.78120017,11.16530318,11.57903973,12.0159761,12.47897756,12.95570112,13.45056748,13.99023792,14.59082273,15.28899895,16.10784703,17.08344483,18.20721738,19.46060815,20.82973021,22.28698387,23.77397509,25.28977813,26.84174606,28.3725482
154,Slovakia,Under-five mortality rate,Total,Total,5.754507764,5.84453795,5.93274663,6.028292397,6.12993835,6.242728557,6.363987838,6.495812836,6.641007754,6.804063917,6.987803356,7.191792526,7.419515235,7.664585014,7.924935011,8.196012304,8.4788125,8.770080689,9.07243548,9.397236217,9.750211645,10.13103472,10.54249946,10.98266279,11.45196603,11.94474677,12.46026596,12.99918246,13.55555367,14.12435173,14.71234761,15.31942422,15.96584181,16.65799713,17.39541433,18.17888535
155,Bosnia and Herzegovina,Under-five mortality rate,Total,Total,5.729446739,5.860792802,5.981652846,6.083311103,6.175419047,6.260992769,6.363787857,6.499367221,6.676430438,6.91230446,7.203975213,7.546135002,7.920499185,8.286671297,8.614037046,8.874098455,9.054898123,9.19105263,9.347436001,9.570000809,9.894732591,10.34370377,10.90103186,11.53118033,12.21305482,13.9621069,26.11899923,35.02688201,35.48229755,16.82734788,18.14453845,19.60608357,21.21563235,22.98407754,24.91128772,27.0328774
156,Serbia,Under-five mortality rate,Total,Total,5.632130677,5.697229679,5.771977614,5.879150516,6.04893117,6.289743605,6.570156238,6.852057798,7.118172721,7.367153862,7.60004672,7.79975013,7.954190162,8.125732308,8.430067235,8.93736228,9.653480711,10.54628757,11.4832252,12.21318273,12.64995146,13.12366512,14.01597523,15.45388079,17.39282277,19.65626736,21.77248222,23.15360826,24.12350694,25.6254041,28.25083142,31.36787445,34.04436045,36.03043826,37.62542412,39.13193921
157,Russian Federation,Under-five mortality rate,Total,Total,5.414852323,5.840098341,6.333489552,6.899107695,7.541839939,8.240928716,8.912285825,9.447939959,9.834507889,10.11607639,10.3679969,10.69497254,11.19813677,11.90057732,12.774796,13.78429979,14.89880423,16.0748633,17.24859914,18.34358942,19.28939251,20.07308379,20.6944837,21.1728107,21.5447369,21.81303923,21.92534361,21.82327831,21.62430353,21.5136945,21.6173545,21.97782226,22.59829024,23.39474981,24.21517732,24.93857011
158,Cuba,Under-five mortality rate,Total,Total,5.106273596,5.216183819,5.3241883,5.431176979,5.541496246,5.65927216,5.78384142,5.915968123,6.056013389,6.204597203,6.368623777,6.544578266,6.733510682,6.934602558,7.152738448,7.387417698,7.639620034,7.908541791,8.195465167,8.504501562,8.825175197,9.170510731,9.544096004,9.940030942,10.36304926,10.81146576,11.29182869,11.80892708,12.36473253,12.94394027,13.56722291,14.22068279,14.91552188,15.66009844,16.43679905,17.25510437
159,Canada,Under-five mortality rate,Total,Total,4.993457294,5.072077655,5.143196447,5.211847315,5.282487209,5.355889298,5.431738566,5.508513866,5.583124904,5.655811286,5.729550358,5.80558803,5.882563921,5.960965881,6.034804447,6.094919779,6.138216804,6.166001998,6.181699786,6.198025325,6.228383819,6.292245673,6.391470629,6.535597525,6.717980412,6.930064006,7.159804949,7.410742,7.679138798,7.96086571,8.24862837,8.540350138,8.831115493,9.120036733,9.420422289,9.754457687
160,New Zealand,Under-five mortality rate,Total,Total,4.71968717,4.87324998,5.030607646,5.19250424,5.354666164,5.511651191,5.663346245,5.802707543,5.927445705,6.039186654,6.139045194,6.231053511,6.316470932,6.403201685,6.499987197,6.608697543,6.735642385,6.877946472,7.037590978,7.207047428,7.393903965,7.602863531,7.838955045,8.104562666,8.401373378,8.735685177,9.106838928,9.527540337,10.01085534,10.56554704,11.16161339,11.77009163,12.36209329,12.90396887,13.37392709,13.78189042
161,Croatia,Under-five mortality rate,Total,Total,4.550929659,4.631561454,4.703814073,4.770037057,4.838944494,4.907722259,4.980564409,5.069231218,5.17818629,5.312228713,5.47860006,5.677565979,5.905238798,6.157579217,6.42912655,6.720679596,7.030700528,7.348342409,7.668113367,7.984924244,8.300218955,8.615167753,8.933092196,9.262514798,9.61462287,9.996434028,10.42332386,10.90979916,11.46859101,14.00248682,12.86594809,13.73891644,14.72296061,15.79985914,16.95947392,18.18152537
162,France,Under-five mortality rate,Total,Total,4.367337087,4.347299741,4.308460776,4.258274844,4.206962844,4.159072314,4.122726088,4.103555654,4.113049434,4.150693609,4.211177048,4.287061727,4.366483774,4.440487888,4.518321759,4.62309436,4.764246735,4.928009971,5.096766528,5.256425075,5.393496241,5.51005724,5.644061901,5.835784402,6.112272159,6.49773428,6.993792357,7.551574516,8.096448757,8.587567746,8.995573169,9.314550462,9.574630106,9.813262936,10.0621966,10.35293584
163,Poland,Under-five mortality rate,Total,Total,4.362622412,4.448884463,4.534536598,4.622545993,4.724149643,4.854315003,5.02244043,5.216046383,5.42395079,5.662288196,5.9579635,6.322511594,6.702542238,7.028942845,7.300000056,7.550377286,7.818975913,8.110226347,8.430131671,8.810561395,9.302127081,9.957440322,10.8365672,11.99121696,13.31140938,14.50291172,15.34451463,15.93399721,16.442034,16.924341,17.38597504,17.84103285,18.33191381,18.90403974,19.57248853,20.33748652
164,Belgium,Under-five mortality rate,Total,Total,4.234940007,4.216270456,4.162370234,4.101087611,4.065306972,4.068433239,4.106490381,4.178001411,4.265900075,4.356473415,4.445866403,4.537233339,4.632274573,4.731427341,4.828267447,4.933586223,5.064578942,5.224672767,5.40719809,5.599269948,5.803737546,6.030877174,6.296790449,6.636029309,7.088119163,7.638312636,8.22267703,8.786288241,9.285834454,9.686793357,10.01233124,10.32450962,10.66238065,11.01615647,11.36048026,11.72099358
165,United Kingdom,Under-five mortality rate,Total,Total,4.209138988,4.27785912,4.329307369,4.371804162,4.41224484,4.465290185,4.541628535,4.651555581,4.795728722,4.971000901,5.169527447,5.374899067,5.573447493,5.753139922,5.905929509,6.034682063,6.147562559,6.248240987,6.344298703,6.444446086,6.546998092,6.654525667,6.767987219,6.888930716,7.019171317,7.184322531,7.416019095,7.743644429,8.171361645,8.704423974,9.301236728,9.879782256,10.37323642,10.77403121,11.09138332,11.38336724
166,Netherlands,Under-five mortality rate,Total,Total,4.160180992,4.116280645,4.07485291,4.046859365,4.03692598,4.047397897,4.077806212,4.129878518,4.202882446,4.297765854,4.415861875,4.557866491,4.72374047,4.911825047,5.112954518,5.320085884,5.528469231,5.727891226,5.908791015,6.065994304,6.193086264,6.304324801,6.415074945,6.540178102,6.695663908,6.893013856,7.133812343,7.410995567,7.714474253,8.02427778,8.324431195,8.6182982,8.9088566,9.194962674,9.466150854,9.717649123
167,Greece,Under-five mortality rate,Total,Total,4.072194536,4.151920263,4.225654584,4.315971488,4.382781931,4.370855789,4.264338983,4.127715713,4.023938652,3.960760285,3.927978855,3.922622643,3.973040249,4.106234024,4.316736359,4.580619645,4.872772204,5.202822659,5.571672752,5.974158198,6.405784015,6.857490845,7.310361285,7.743555138,8.136566413,8.484903054,8.791618526,9.097776995,9.449362666,9.875955465,10.40428298,11.05787001,11.84753569,12.77794174,13.76465804,14.6602586
168,Hungary,Under-five mortality rate,Total,Total,4.047442607,4.116377893,4.247785519,4.449406476,4.728327333,5.063853964,5.385176079,5.609191258,5.745979218,5.859132475,6.010912757,6.219974869,6.506395108,6.849619964,7.203693805,7.549700017,7.930089375,8.400038099,8.958632104,9.554394885,10.13390016,10.66144696,11.10266191,11.49565899,11.92627823,12.48797828,13.29412895,14.45276491,15.75541425,16.75771125,17.21930025,17.61893572,18.48037426,19.73616755,20.89305007,21.58123251
169,Latvia,Under-five mortality rate,Total,Total,4.002996633,4.111755092,4.245444706,4.427194425,4.680529352,5.030327414,5.479076785,6.011184,6.606859828,7.221268903,7.798235938,8.324231061,8.818743679,9.315715365,9.849879135,10.48298148,11.20289213,11.89874878,12.55782321,13.28017419,14.21329023,15.35857098,16.64078296,17.92013734,19.02713594,19.75964023,20.03867148,19.88812222,19.3314,18.34974067,17.01807255,15.79537545,15.21611735,15.48858765,16.34951869,17.49670507
170,Switzerland,Under-five mortality rate,Total,Total,3.998897431,4.041994638,4.091944499,4.151271921,4.214492425,4.280020872,4.339898819,4.391906335,4.439542413,4.494257412,4.559497037,4.636555358,4.726732933,4.829199944,4.941834495,5.061588615,5.187959843,5.315243223,5.437354383,5.543728937,5.637020423,5.729368753,5.83046493,5.965640759,6.150005994,6.398215609,6.709821034,7.07373633,7.465474337,7.842658884,8.171402659,8.43272477,8.6226229,8.75612836,8.880239691,9.019743737
171,Australia,Under-five mortality rate,Total,Total,3.696413926,3.721567133,3.740995709,3.764964125,3.805578626,3.87426142,3.979094339,4.12899919,4.320112547,4.536958284,4.766121741,4.997584139,5.217708436,5.416919841,5.586444164,5.722139847,5.826052165,5.909150805,5.984418975,6.073400922,6.185730951,6.313441407,6.445899427,6.59390438,6.775731656,7.010715974,7.311740351,7.69541329,8.152432805,8.658877065,9.190889784,9.71095716,10.18724095,10.60653743,10.96955337,11.29103368
172,Germany,Under-five mortality rate,Total,Total,3.65243233,3.732100817,3.802698108,3.860653746,3.903339468,3.932560346,3.958100048,3.990783383,4.037038765,4.097793071,4.173866915,4.266308528,4.371883788,4.48658045,4.607074454,4.730471178,4.852391888,4.972243302,5.091525986,5.217605391,5.355567791,5.513880725,5.701125278,5.91922736,6.170732025,6.459790839,6.791699293,7.167702873,7.58783364,8.044623779,8.527150217,9.028072176,9.535497786,10.05242821,10.58538571,11.14762615
173,Austria,Under-five mortality rate,Total,Total,3.621856103,3.582784925,3.563699729,3.571426756,3.606441839,3.67074939,3.764781024,3.893435601,4.044785351,4.198290201,4.335809094,4.45366392,4.549682607,4.635450438,4.747862556,4.900176101,5.063497459,5.210125307,5.329207766,5.422713615,5.504647426,5.602579789,5.751495041,5.982731316,6.330658343,6.802980166,7.369032933,7.973881813,8.564675753,9.082857294,9.516693237,9.95237805,10.49240246,11.14760417,11.86807319,12.59711829
174,Denmark,Under-five mortality rate,Total,Total,3.614767707,3.749759062,3.882875489,3.992737285,4.070354861,4.109164381,4.107598288,4.087200915,4.064910657,4.062806046,4.104488605,4.205353002,4.358119282,4.547510189,4.759435524,4.976987487,5.184938186,5.36643105,5.508350437,5.611407131,5.694586104,5.771868983,5.874910374,6.026419511,6.238083531,6.522531819,6.885904717,7.337823496,7.867848556,8.435380904,8.961608433,9.369946652,9.629607062,9.732078265,9.715134341,9.642897795
175,Israel,Under-five mortality rate,Total,Total,3.581089093,3.646294448,3.707091688,3.768638533,3.835207443,3.914992695,4.01138413,4.125320669,4.254795729,4.400042202,4.554266406,4.717703435,4.896722083,5.098205439,5.325913721,5.576253988,5.849104284,6.125853628,6.38792147,6.63782391,6.891102194,7.160283336,7.451955701,7.775042497,8.15888054,8.634804993,9.21994713,9.865616521,10.5107279,11.10980975,11.62843243,12.07261543,12.51561646,13.05001981,13.69037322,14.41236983
176,Portugal,Under-five mortality rate,Total,Total,3.303932143,3.44669284,3.554125225,3.618778527,3.646469147,3.648742218,3.646071228,3.655420611,3.686501029,3.74118886,3.81900485,3.914839772,4.022811201,4.16193423,4.360417942,4.642773856,5.020989869,5.499475094,6.057590551,6.637113029,7.186164516,7.69486671,8.166116489,8.632623195,9.138875532,9.737322415,10.47276408,11.38978527,12.46827659,13.60788975,14.73784451,15.8683579,17.02330242,18.18739098,19.31787412,20.40678579
177,Lithuania,Under-five mortality rate,Total,Total,3.275498722,3.611483635,4.007352039,4.426838995,4.773404453,4.929660712,4.948351872,5.002629143,5.199093119,5.547602632,6.038410196,6.655084915,7.349106963,8.039289086,8.637354759,9.032240709,9.279698766,9.536562148,9.88906416,10.30117544,10.72030959,11.148809,11.64045939,12.29150355,13.3324496,15.04269782,17.00717612,18.14663602,17.76297047,16.50843916,15.18864143,14.30568303,14.24005442,15.08557809,16.36303982,17.47088922
178,Spain,Under-five mortality rate,Total,Total,3.246144747,3.254280393,3.252492944,3.255701477,3.271691117,3.307973166,3.369348527,3.455871844,3.565828634,3.696669977,3.846471577,4.011407309,4.184445875,4.362650503,4.539403294,4.70952403,4.866744459,5.01165806,5.145777461,5.278459117,5.428952525,5.614154663,5.845908671,6.136679171,6.488491846,6.90102717,7.366361574,7.848170203,8.312179634,8.742749899,9.148618448,9.537701929,9.917445057,10.29689127,10.69727875,11.14578296
179,Republic of Korea,Under-five mortality rate,Total,Total,3.033108326,3.137935113,3.236510231,3.328867837,3.420999869,3.516121202,3.617196106,3.726904573,3.846593177,3.977582245,4.124630403,4.305204725,4.538032691,4.828874456,5.175727801,5.570760511,5.98576657,6.386309057,6.767595421,7.147626929,7.546819057,7.987503629,8.493016643,9.074922541,9.741039812,10.49161072,11.32290247,12.23340935,13.24941423,14.36955785,15.61846634,17.02333606,18.6211217,20.42526536,22.43340472,24.60278488
180,Ireland,Under-five mortality rate,Total,Total,3.023765903,3.154132802,3.293376086,3.434754392,3.574057482,3.698730463,3.807275346,3.897979623,3.980729742,4.071987874,4.17373011,4.292626669,4.434746375,4.61707581,4.868620985,5.191566347,5.590741822,6.045142372,6.499433996,6.872899003,7.138108744,7.285605507,7.333183256,7.321767113,7.290319317,7.301712247,7.423086547,7.697420994,8.112261411,8.622928916,9.159694258,9.607151642,9.904613164,10.13530151,10.39215732,10.72370471
181,Monaco,Under-five mortality rate,Total,Total,3.021014858,3.120868657,3.215728917,3.322389465,3.43056899,3.529865081,3.629586261,3.728416058,3.822387855,3.911652777,3.997360434,4.08589238,4.180440644,4.275485527,4.375074055,4.47883435,4.589999661,4.712248905,4.84445815,4.991643743,5.154428716,5.333597963,5.534236163,5.75327268,5.988378383,6.241808727,6.506872703,6.793062065,7.093820286,7.413787978,7.749940153,8.098558326,8.461127222,8.854015382,9.265810468,9.689816479
182,Czechia,Under-five mortality rate,Total,Total,2.920043032,3.042218581,3.136948855,3.190023692,3.196908248,3.165318131,3.134450631,3.134919104,3.176138286,3.258966726,3.381019322,3.534315341,3.716148405,3.92033305,4.140550148,4.364743646,4.581092957,4.778591888,4.971378264,5.190455366,5.464513332,5.831170963,6.325390299,6.952140839,7.690445676,8.50008366,9.361849992,10.24546468,11.06491151,11.70511356,12.12764137,12.48934169,12.94245219,13.47388766,13.90862241,14.16322353
183,Belarus,Under-five mortality rate,Total,Total,2.908893523,3.129953919,3.373106382,3.617309324,3.853533264,4.087254292,4.323777703,4.572725537,4.855397385,5.190450535,5.591064381,6.073575518,6.643205618,7.301853958,8.022534761,8.741775608,9.432994232,10.14081704,10.93522382,11.81886103,12.74532979,13.65567809,14.46454229,15.08219818,15.47507034,15.65585063,15.65713452,15.52705428,15.33447893,15.18527148,15.2067661,15.46452262,15.89964974,16.42478098,16.99532508,17.57293826
184,Italy,Under-five mortality rate,Total,Total,2.908390864,3.038006729,3.168217076,3.284026277,3.38504637,3.481147629,3.576806146,3.674178968,3.772384664,3.869314332,3.9640868,4.054930261,4.143390546,4.235783955,4.341536083,4.473038656,4.637951088,4.831683281,5.049959897,5.294038274,5.568406852,5.875620974,6.219603283,6.60136201,7.022328881,7.48543514,7.981930399,8.470968948,8.912576786,9.299100546,9.657455513,10.00843148,10.38618731,10.826045,11.35161057,11.97657806
185,Luxembourg,Under-five mortality rate,Total,Total,2.782762828,2.815009029,2.824679055,2.811542382,2.78872627,2.770202144,2.758425049,2.756174245,2.766919943,2.790295422,2.831923189,2.892354501,2.97363407,3.078435992,3.205015838,3.358785282,3.541245246,3.75298339,3.985237081,4.241795905,4.52027234,4.822502334,5.148253942,5.503421277,5.893909183,6.321464191,6.780042315,7.276440432,7.794888828,8.321981408,8.847440872,9.360716466,9.856554237,10.32745287,10.78112622,11.21323758
186,Cyprus,Under-five mortality rate,Total,Total,2.770951308,2.812569818,2.838384459,2.848150963,2.857767637,2.888081114,2.935498706,3.016187985,3.114014255,3.239417131,3.374533126,3.529258547,3.709898043,3.912534787,4.166744637,4.477088736,4.827137604,5.19474892,5.586111307,6.002853475,6.456081115,6.944297902,7.453070578,7.982083286,8.512264838,9.05082565,9.612844762,10.22428974,10.79752368,11.15986409,11.24732606,11.21519612,11.18613644,11.36645991,12.01810573,13.2417269
187,Sweden,Under-five mortality rate,Total,Total,2.637261951,2.676429315,2.721165564,2.771071117,2.819589731,2.860160337,2.896914869,2.931235157,2.96504503,3.005502953,3.057794755,3.125728667,3.212775065,3.31925531,3.448867956,3.596653406,3.745514386,3.878589438,3.982026254,4.052477964,4.098400334,4.142793002,4.217098994,4.342603293,4.541743511,4.834272254,5.218131449,5.683669855,6.181912243,6.633465504,6.966697224,7.189045434,7.33351777,7.427199555,7.507492895,7.598044054
188,Andorra,Under-five mortality rate,Total,Total,2.532198096,2.660022257,2.80880943,2.972230915,3.150899641,3.338453246,3.542689001,3.758311659,3.989542127,4.237666959,4.500051484,4.784426566,5.095611903,5.426752471,5.766863365,6.124862659,6.487895662,6.873966223,7.271574984,7.700622956,8.155875566,8.630173706,9.166396379,9.740323953,10.35575103,10.99749203,11.67799006,12.43533724,13.26357339,14.16409296,15.09198822,16.06665959,17.21862885,18.40527934,19.61705792,20.82903053
189,Japan,Under-five mortality rate,Total,Total,2.489958376,2.531738966,2.572056689,2.620361646,2.679383745,2.748562365,2.827095268,2.914262101,3.00725746,3.211524958,3.205759306,3.309788729,3.415889206,3.523822316,3.633039116,3.743182407,3.858041912,3.983553412,4.130562003,4.302220194,4.500046803,4.724454561,4.9650568,5.2127964,5.45435774,5.674154007,5.862213277,6.012693537,6.129104715,6.223248,6.323326778,6.446979685,6.61404365,6.839956194,7.128221356,7.477193666
190,Montenegro,Under-five mortality rate,Total,Total,2.387922366,2.605157814,2.879197461,3.202850283,3.571299526,3.978694864,4.427597113,4.920714889,5.464577929,6.052688511,6.701063165,7.39551086,8.136526235,8.913465281,9.722187769,10.542533,11.36703096,12.17000874,12.9372202,13.61665674,14.1751656,14.59603433,14.87690074,15.03009669,15.08619416,15.08904726,15.0904333,15.15216423,15.35436549,15.78404786,16.47216171,17.481213,18.84761782,20.54274115,22.5321056,24.79342252
191,Finland,Under-five mortality rate,Total,Total,2.310581294,2.339652527,2.367159961,2.396892519,2.437276403,2.49204485,2.561276733,2.651781482,2.757839788,2.880895797,3.016106777,3.160347072,3.312938915,3.46579375,3.611562095,3.746478732,3.867365367,3.971294289,4.068122879,4.168009495,4.282689705,4.413066287,4.562196631,4.732880964,4.935678345,5.176331185,5.455534253,5.771564526,6.110204694,6.436727367,6.719423119,6.9421889,7.095119117,7.192124478,7.262978166,7.340310586
192,Singapore,Under-five mortality rate,Total,Total,2.236031854,2.397709342,2.542543751,2.648252755,2.710024835,2.735782823,2.740479464,2.753462732,2.779565274,2.809560031,2.830992116,2.839301188,2.843432334,2.8530891,2.881943366,2.939309725,3.034687219,3.176256597,3.365300537,3.600855072,3.873233869,4.153117745,4.407040341,4.611841412,4.798288694,5.023964003,5.321499278,5.72917563,6.26581417,6.921797289,7.668079366,8.441855966,9.166609779,9.774607057,10.31947599,10.84938057
193,Norway,Under-five mortality rate,Total,Total,2.199191593,2.314870176,2.42781433,2.533981241,2.632863958,2.725186314,2.818073408,2.913534646,3.016746503,3.13552951,3.271886914,3.422134467,3.576903521,3.731578923,3.891085621,4.051846286,4.215688075,4.384518473,4.555152566,4.713723987,4.856629292,4.986614074,5.106598195,5.24475208,5.436981697,5.716541509,6.104131946,6.614160659,7.241143695,7.943923366,8.666260812,9.325100616,9.821448447,10.12408015,10.24497744,10.21608694
194,Slovenia,Under-five mortality rate,Total,Total,2.177781158,2.252288494,2.329803776,2.411338003,2.497652077,2.592075384,2.695467285,2.810401009,2.939137809,3.079157725,3.232922509,3.399132302,3.579665068,3.774766961,3.982066439,4.197330448,4.424842017,4.664589354,4.915515459,5.18397521,5.473582541,5.78759818,6.132485872,6.51181399,6.930563464,7.394614768,7.902790865,8.457025086,9.04956264,9.683652763,10.36024834,11.08208142,11.85092843,12.66367902,13.51244184,14.37441642
195,Estonia,Under-five mortality rate,Total,Total,2.113504205,2.266256286,2.442942275,2.634644032,2.839954437,3.060012527,3.298734901,3.563974351,3.861383506,4.203944453,4.587496937,5.020088358,5.497390511,6.009301323,6.563999232,7.163696467,7.806892034,8.50632814,9.263879474,10.07520041,10.93967755,11.84599445,12.78773429,13.76026859,14.72770861,15.59947988,16.34037799,16.90205887,17.26829835,17.48168039,17.63964659,17.82011669,18.03908714,18.29814354,18.62202795,19.03687421
196,Iceland,Under-five mortality rate,Total,Total,1.934341106,1.998320074,2.067206396,2.135005971,2.206661017,2.282798441,2.359759267,2.436709425,2.518602664,2.607167622,2.699398699,2.79457042,2.89735959,3.005027469,3.12174698,3.247333202,3.382651513,3.530124544,3.689309036,3.864439285,4.059451598,4.269971833,4.49739249,4.734079585,4.980787351,5.237882496,5.494037297,5.749679391,5.997658648,6.241280775,6.46934394,6.690274391,6.909357969,7.133085,7.364939767,7.626546726
197,San Marino,Under-five mortality rate,Total,Total,1.759228173,1.828265461,1.907334478,1.987443219,2.084992227,2.189925452,2.308683212,2.433125067,2.562084939,2.704276031,2.856242346,3.024913233,3.207757389,3.403585943,3.628059497,3.873547701,4.152089868,4.45954968,4.804757862,5.19844406,5.6327081,6.127000273,6.673524982,7.280128822,7.959836349,8.68746961,9.527341555,10.45413509,11.46230876,12.60218334,13.90042956,15.32139983,16.89182353,18.6028506,20.54823983,22.64547168
